Project_ID,Project_Type,Location,Start_Date,End_Date,Planned_Cost,Actual_Cost,Cost_Overrun,Planned_Duration,Actual_Duration,Schedule_Deviation,Vibration_Level,Crack_Width,Load_Bearing_Capacity,Temperature,Humidity,Weather_Condition,Air_Quality_Index,Energy_Consumption,Material_Usage,Labor_Hours,Equipment_Utilization,Accident_Count,Safety_Risk_Score,Image_Analysis_Score,Anomaly_Detected,Completion_Percentage,Risk_Level
PJT_1,Tunnel,Houston,2020-01-01,2021-05-25,10364231,13771018.91,3406787.91,461,510.79,49.79,1.3857,4.4609,89.12,13.21,22.09,Cloudy,109,27740.99,123.88,4257,82.96,8,4.78,72.46,1,88.24,High
PJT_2,Dam,New York,2020-01-01,2021-08-18,15449461,22744518.77,7295057.77,528,595.27,67.27,0.7395,0.4637,93.52,36.61,62.26,Snowy,236,25674.12,212.34,7201,44.73,4,8.46,80.93,0,61.96,High
PJT_3,Tunnel,Houston,2020-01-02,2022-06-17,20420497,30434585.97,10014088.97,857,897.79,40.79,1.7251,4.3324,221.06,14.94,78.39,Cloudy,144,20987.18,703.16,2169,76.55,2,5.81,62.24,1,34.30,High
PJT_4,Bridge,Seattle,2020-01-03,2022-09-01,4753932,4748613.52,-5318.48,881,972.87,91.87,0.1610,1.5773,170.48,1.60,86.00,Sunny,104,34494.74,456.07,8517,48.57,2,3.22,78.07,0,62.61,Medium
PJT_5,Bridge,New York,2020-01-04,2021-08-12,10283286,12146536.09,1863250.09,550,586.24,36.24,0.2727,0.2356,99.34,24.51,75.45,Rainy,202,7858.75,443.46,8668,71.75,8,8.75,50.57,1,71.35,High
PJT_6,Bridge,Los Angeles,2020-01-05,2022-07-29,20696460,23440757.05,2744297.05,836,936.29,100.29,0.9621,4.7691,444.13,4.49,55.04,Cloudy,179,46068.25,883.47,5889,90.50,8,6.48,57.64,1,58.54,High
PJT_7,Bridge,Houston,2020-01-06,2022-06-08,2307062,2128758.46,-178303.54,793,884.80,91.80,0.7897,4.9266,413.05,3.17,36.86,Stormy,292,8544.07,758.72,2133,98.68,8,7.89,56.42,1,59.48,High
PJT_8,Building,Chicago,2020-01-07,2022-08-09,15213536,22117343.86,6903807.86,801,945.26,144.26,1.5350,3.4493,370.83,11.94,67.02,Sunny,162,45482.63,506.34,5061,53.48,5,1.19,77.70,0,10.65,High
PJT_9,Tunnel,Seattle,2020-01-08,2021-10-17,23174680,20765840.67,-2408839.33,249,648.87,399.87,0.5522,3.3449,146.41,-2.72,85.49,Stormy,197,26270.20,806.16,7669,51.42,1,6.93,67.71,0,87.75,High
PJT_10,Tunnel,Houston,2020-01-09,2021-01-18,23770212,32574345.11,8804133.11,242,375.39,133.39,0.3076,0.9580,291.33,-2.29,32.84,Rainy,113,44351.87,167.85,2604,43.04,8,8.52,98.45,1,86.38,High
PJT_11,Dam,New York,2020-01-10,2022-05-11,27913358,40099991.31,12186633.31,677,852.12,175.12,0.4128,0.0108,225.69,40.96,74.96,Sunny,158,36346.62,757.45,8973,49.29,4,2.96,52.92,0,15.49,High
PJT_12,Building,Houston,2020-01-11,2021-04-15,34745717,50297956.74,15552239.74,231,460.61,229.61,1.1091,0.2844,278.52,36.82,24.80,Snowy,222,43781.86,463.40,5033,74.74,0,6.57,70.96,0,57.05,High
PJT_13,Building,Seattle,2020-01-12,2023-03-21,17017943,17403389.76,385446.76,865,1164.58,299.58,0.3487,3.2275,255.75,41.10,85.50,Snowy,167,32952.17,606.69,2638,44.40,3,5.55,56.62,0,16.19,High
PJT_14,Dam,Los Angeles,2020-01-13,2021-05-01,37454740,48964617.23,11509877.23,471,474.61,3.61,1.2622,4.9362,344.29,-9.57,77.20,Sunny,288,34852.49,945.04,3200,55.87,1,7.68,57.77,1,28.96,High
PJT_15,Building,Seattle,2020-01-14,2023-02-26,18715659,22056701.48,3341042.48,883,1139.15,256.15,0.5771,4.5408,72.86,24.89,78.05,Snowy,50,20010.04,217.74,5291,49.69,7,5.97,71.38,1,16.77,High
PJT_16,Dam,Chicago,2020-01-15,2021-08-15,40091555,48476355.45,8384800.45,216,578.34,362.34,0.9166,0.2091,214.09,41.32,88.05,Snowy,280,21101.42,713.86,2684,61.22,8,8.96,70.32,1,23.91,High
PJT_17,Dam,Seattle,2020-01-16,2022-02-02,2663384,2574385.51,-88998.49,361,748.15,387.15,1.8565,3.9119,235.27,26.84,71.45,Cloudy,118,12163.90,731.15,7267,92.33,7,3.00,90.83,0,37.47,High
PJT_18,Dam,Seattle,2020-01-17,2021-05-04,27740599,29498528.20,1757929.20,204,473.82,269.82,1.7423,4.8344,175.61,25.28,47.98,Stormy,134,47265.67,203.81,5279,50.71,4,1.34,79.83,1,80.78,High
PJT_19,Road,Chicago,2020-01-18,2021-12-02,39694168,38644305.03,-1049862.97,703,684.29,-18.71,0.1843,2.1803,283.96,34.36,68.08,Cloudy,143,24408.38,953.99,6409,77.39,1,7.48,65.02,0,46.76,High
PJT_20,Road,Los Angeles,2020-01-19,2022-01-22,29215675,37460459.21,8244784.21,747,734.46,-12.54,0.8204,3.7407,128.31,21.30,48.43,Snowy,127,17911.12,486.90,6279,67.90,7,7.08,75.56,0,96.38,High
PJT_21,Dam,Houston,2020-01-20,2021-11-13,43475941,54454464.90,10978523.90,470,663.19,193.19,0.2774,4.7600,155.69,7.07,76.46,Cloudy,56,7079.62,985.54,2193,67.32,9,2.75,84.82,1,31.96,High
PJT_22,Tunnel,Houston,2020-01-21,2021-11-01,47701848,56606473.02,8904625.02,615,650.99,35.99,0.1954,1.2460,431.75,15.11,76.10,Stormy,193,31795.35,955.04,8251,76.76,8,4.84,95.34,0,24.32,High
PJT_23,Road,New York,2020-01-22,2022-02-23,43792734,45117568.41,1324834.41,445,763.44,318.44,1.5776,2.4230,157.66,14.19,69.95,Cloudy,119,20113.14,903.72,2320,48.30,3,4.45,57.64,1,47.34,High
PJT_24,Building,Chicago,2020-01-23,2022-03-30,14880420,20704307.77,5823887.77,657,797.36,140.36,0.8400,3.8490,475.73,-8.93,81.65,Stormy,147,26464.09,948.47,5892,85.21,6,5.84,86.73,0,90.80,High
PJT_25,Road,Seattle,2020-01-24,2021-09-24,2947822,3250731.88,302909.88,459,609.99,150.99,1.3709,3.9907,375.88,36.23,84.37,Stormy,186,6213.49,454.62,1444,45.04,6,2.22,73.08,1,44.12,High
PJT_26,Dam,New York,2020-01-25,2021-09-28,26442729,27258931.43,816202.43,514,612.88,98.88,1.9073,2.1078,425.71,15.87,72.43,Snowy,293,20748.22,685.13,1659,85.25,3,2.79,51.02,1,21.36,Medium
PJT_27,Tunnel,Chicago,2020-01-26,2021-08-17,18196223,24537311.28,6341088.28,403,569.47,166.47,0.4188,3.0362,386.57,-3.70,77.35,Sunny,77,31040.81,936.00,7149,63.80,3,1.68,84.53,0,19.17,High
PJT_28,Building,Chicago,2020-01-27,2021-11-02,38979090,52961395.34,13982305.34,303,645.00,342.00,0.7597,2.1419,216.76,17.83,43.89,Rainy,260,27059.08,490.17,6934,78.14,7,7.37,71.77,0,96.89,High
PJT_29,Building,Chicago,2020-01-28,2022-12-24,32197150,36483344.74,4286194.74,731,1061.56,330.56,1.4889,1.3420,433.27,35.69,26.07,Rainy,112,38771.43,612.86,7209,60.18,7,8.66,59.09,1,81.80,High
PJT_30,Building,Los Angeles,2020-01-29,2023-01-14,19540070,23668186.63,4128116.63,790,1081.63,291.63,1.0816,0.9553,158.61,12.35,58.86,Cloudy,226,26424.19,740.66,8342,87.58,1,3.65,70.22,0,69.76,High
PJT_31,Building,New York,2020-01-30,2022-09-03,29555077,44267903.23,14712826.23,746,947.39,201.39,1.1457,1.7591,254.19,6.86,36.14,Cloudy,130,10379.96,582.28,4033,51.49,7,3.49,79.48,0,63.71,High
PJT_32,Tunnel,Seattle,2020-01-31,2021-07-07,13042118,13648236.51,606118.51,483,523.57,40.57,1.4452,0.6329,70.48,-7.00,40.45,Cloudy,213,44080.75,541.79,1200,74.44,7,5.31,67.04,0,32.72,High
PJT_33,Road,Houston,2020-02-01,2021-02-13,5971570,7315553.95,1343983.95,246,378.37,132.37,1.4043,0.7586,415.01,42.20,25.96,Cloudy,80,30113.29,474.56,4697,86.54,6,5.05,72.14,0,99.10,High
PJT_34,Building,Chicago,2020-02-02,2022-03-09,7659452,11228248.28,3568796.28,815,766.92,-48.08,0.4948,1.0551,347.19,-1.36,32.17,Snowy,90,5120.41,505.45,8699,57.48,3,3.59,64.14,0,16.41,Medium
PJT_35,Dam,Los Angeles,2020-02-03,2022-12-21,14275422,16078983.50,1803561.50,820,1052.59,232.59,1.1347,3.2382,458.79,35.46,25.00,Cloudy,252,18842.53,774.06,5728,66.35,7,7.20,84.99,0,55.04,High
PJT_36,Road,New York,2020-02-04,2021-06-16,29992952,39814055.66,9821103.66,262,498.96,236.96,1.2471,0.1293,153.02,27.09,80.24,Stormy,293,5933.55,788.28,5415,74.57,2,5.23,82.58,0,26.33,High
PJT_37,Bridge,New York,2020-02-05,2023-05-01,7123174,8230875.69,1107701.69,830,1181.55,351.55,0.8759,1.6053,97.07,-1.15,48.82,Rainy,123,34816.26,460.41,1601,67.29,5,3.27,55.80,0,87.84,High
PJT_38,Tunnel,Chicago,2020-02-06,2022-04-08,13588451,16129295.73,2540844.73,653,792.02,139.02,1.2830,2.4925,248.92,-7.16,38.69,Cloudy,287,17961.31,892.76,8941,47.29,9,8.19,85.49,0,11.23,High
PJT_39,Road,Houston,2020-02-07,2022-06-11,8614246,9905875.79,1291629.79,410,855.90,445.90,0.3232,4.1607,274.27,29.41,55.62,Sunny,156,42562.58,982.22,4993,67.41,2,4.45,96.09,0,89.14,High
PJT_40,Tunnel,Los Angeles,2020-02-08,2022-01-12,35073698,35903619.94,829921.94,604,704.13,100.13,0.1049,3.6303,426.86,21.90,66.20,Cloudy,164,29236.13,410.61,9903,62.63,5,8.83,99.04,1,44.47,High
PJT_41,Road,Houston,2020-02-09,2022-05-08,48327041,69771180.01,21444139.01,505,819.69,314.69,0.8243,4.9421,406.58,25.86,30.65,Snowy,82,27603.10,631.16,2644,92.45,7,1.90,95.52,1,22.97,High
PJT_42,Dam,Houston,2020-02-10,2022-10-31,18785377,20101570.72,1316193.72,660,994.21,334.21,1.4161,3.2492,433.29,36.88,80.15,Rainy,294,19249.75,746.85,8994,92.34,0,6.56,61.74,0,35.86,High
PJT_43,Dam,Houston,2020-02-11,2023-01-08,43530096,56916864.59,13386768.59,624,1062.52,438.52,0.2910,0.8318,184.76,-8.41,42.71,Snowy,125,21130.85,487.62,5000,71.87,9,7.14,59.00,1,64.85,High
PJT_44,Road,Chicago,2020-02-12,2022-08-26,40135012,37848380.62,-2286631.38,879,926.64,47.64,0.9762,1.2699,164.90,-9.48,76.32,Sunny,223,29596.92,166.48,6661,99.26,4,6.75,71.22,0,86.08,Medium
PJT_45,Dam,New York,2020-02-13,2021-11-24,26592924,32489898.25,5896974.25,674,650.53,-23.47,1.1921,4.9635,182.85,43.79,66.08,Sunny,52,30466.81,717.22,1803,94.64,7,8.50,95.15,1,30.71,High
PJT_46,Building,Seattle,2020-02-14,2022-06-14,17819279,22996615.24,5177336.24,831,851.77,20.77,1.4698,3.2959,427.25,24.55,83.24,Snowy,129,40487.47,130.03,6977,83.94,1,9.19,66.34,1,28.07,High
PJT_47,Bridge,Los Angeles,2020-02-15,2022-08-11,19289000,26807991.13,7518991.13,723,908.95,185.95,0.5882,4.1234,266.83,34.36,72.26,Sunny,255,10182.64,966.60,3306,85.25,3,8.74,86.21,1,97.05,High
PJT_48,Bridge,Los Angeles,2020-02-16,2021-10-19,1934065,1976417.30,42352.30,272,611.06,339.06,0.3348,1.8429,387.06,4.42,46.67,Sunny,77,35367.64,524.33,6374,94.92,3,6.83,81.77,0,73.10,High
PJT_49,Road,Houston,2020-02-17,2020-11-10,3497263,3664561.50,167298.50,323,267.03,-55.97,1.0360,0.4860,449.27,-2.54,51.76,Stormy,157,31430.32,753.94,7797,79.30,7,6.54,96.95,0,72.13,High
PJT_50,Dam,New York,2020-02-18,2023-01-11,25339448,23174965.17,-2164482.83,635,1058.79,423.79,1.4028,2.7223,490.03,9.73,47.87,Cloudy,297,10497.19,863.23,8450,45.50,3,6.78,79.86,1,80.81,High
PJT_51,Dam,Seattle,2020-02-19,2022-04-15,38192255,37606091.37,-586163.63,758,786.76,28.76,0.5103,4.3485,197.85,-1.88,83.04,Snowy,120,43628.28,230.22,3129,72.41,2,1.99,93.32,1,42.24,Low
PJT_52,Dam,Chicago,2020-02-19,2021-05-03,18808512,16627841.11,-2180670.89,511,439.36,-71.64,1.5093,2.6304,385.55,16.19,74.46,Stormy,201,9907.43,553.45,1710,83.63,8,3.71,82.17,1,99.87,High
PJT_53,Road,New York,2020-02-20,2022-06-28,48808442,70347877.80,21539435.80,882,859.22,-22.78,0.2396,0.4040,323.73,-6.39,39.25,Stormy,190,37046.88,442.81,9692,57.69,8,6.45,54.96,0,86.75,High
PJT_54,Bridge,Seattle,2020-02-21,2022-04-10,16333944,18277337.40,1943393.40,620,779.32,159.32,1.6721,1.9937,378.33,7.19,41.88,Sunny,145,47911.66,718.14,8770,44.03,1,1.84,54.83,0,83.06,High
PJT_55,Bridge,Houston,2020-02-22,2023-06-13,38693933,41180787.74,2486854.74,780,1207.01,427.01,0.3322,1.7680,349.40,31.27,80.77,Snowy,297,17943.32,381.20,2697,74.68,3,2.39,74.11,0,41.51,High
PJT_56,Bridge,Los Angeles,2020-02-23,2021-11-05,39527199,39408752.24,-118446.76,297,621.18,324.18,0.9153,2.8048,395.34,24.19,67.25,Stormy,56,32404.77,692.05,5381,41.74,4,7.32,65.45,0,10.55,High
PJT_57,Dam,Chicago,2020-02-24,2022-11-05,10521046,14010139.31,3489093.31,853,985.42,132.42,1.9464,0.4588,288.72,10.69,51.76,Cloudy,144,19023.68,391.94,2391,93.00,2,2.42,80.89,0,34.49,Medium
PJT_58,Road,New York,2020-02-25,2022-10-07,19331916,19140913.33,-191002.67,801,955.28,154.28,1.0735,1.7259,99.90,27.30,61.52,Stormy,220,18878.87,298.47,1897,40.46,4,9.51,88.37,1,36.05,High
PJT_59,Tunnel,Houston,2020-02-26,2022-11-26,12790678,11946118.56,-844559.44,689,1004.92,315.92,1.1119,1.1506,301.43,26.74,44.79,Rainy,270,38391.86,492.60,8532,95.27,5,6.18,78.67,0,47.59,High
PJT_60,Tunnel,New York,2020-02-27,2021-11-21,12534213,17182643.72,4648430.72,201,633.09,432.09,1.2744,4.1601,463.90,-5.15,79.11,Cloudy,161,31499.21,571.57,7484,92.23,5,2.99,88.96,1,66.99,High
PJT_61,Bridge,Chicago,2020-02-28,2022-04-16,24446177,26358230.52,1912053.52,378,778.14,400.14,1.9206,3.2272,116.46,-4.35,37.92,Cloudy,204,11879.14,783.24,2234,50.63,7,5.18,78.19,0,71.30,High
PJT_62,Bridge,Chicago,2020-02-29,2022-08-05,43091847,45483025.72,2391178.72,510,888.05,378.05,0.9355,2.3446,334.12,33.80,61.40,Sunny,179,8338.58,515.57,1616,43.41,4,1.69,93.21,0,65.35,High
PJT_63,Bridge,New York,2020-03-01,2022-07-29,3752987,4287138.03,534151.03,653,880.57,227.57,1.6387,3.2592,194.69,16.16,30.56,Snowy,165,9657.58,909.21,6626,98.94,1,5.54,58.63,0,49.40,High
PJT_64,Road,Chicago,2020-03-02,2022-10-16,25420778,27768483.15,2347705.15,715,958.20,243.20,0.6375,2.0438,202.27,22.88,75.25,Sunny,66,19836.08,602.17,7333,57.05,9,8.86,66.67,1,22.73,High
PJT_65,Building,Los Angeles,2020-03-03,2023-04-18,27303855,25496847.05,-1807007.95,851,1141.19,290.19,1.4468,0.4236,301.51,25.39,42.99,Cloudy,221,36627.39,952.40,9624,45.61,6,5.58,50.91,0,95.61,High
PJT_66,Building,New York,2020-03-04,2021-04-24,10231854,9727570.55,-504283.45,376,416.07,40.07,0.6620,3.9406,278.46,19.69,71.71,Stormy,59,34786.82,888.75,3147,75.83,2,2.46,91.57,0,82.81,Medium
PJT_67,Dam,New York,2020-03-05,2021-03-01,46389947,61129456.77,14739509.77,224,361.76,137.76,1.9422,3.0530,388.58,33.11,36.38,Cloudy,129,48451.85,805.93,4178,62.07,9,9.86,73.08,1,44.37,High
PJT_68,Bridge,New York,2020-03-06,2022-02-01,41578277,39081877.65,-2496399.35,345,697.95,352.95,0.5750,3.2059,443.35,20.50,27.18,Stormy,267,10610.50,175.49,3626,56.37,8,2.33,71.87,0,29.98,High
PJT_69,Road,Los Angeles,2020-03-07,2021-02-16,27605575,32472565.54,4866990.54,207,346.90,139.90,0.5480,4.9726,218.71,-8.45,85.16,Sunny,252,11572.22,134.47,8740,81.76,2,7.83,73.46,1,91.53,High
PJT_70,Tunnel,Los Angeles,2020-03-08,2022-04-09,37829629,55274643.90,17445014.90,400,762.53,362.53,1.2569,2.1163,399.28,3.07,28.53,Cloudy,157,33752.83,660.53,2029,46.65,7,6.37,50.82,0,31.77,High
PJT_71,Dam,Los Angeles,2020-03-09,2021-08-30,24677083,24834195.95,157112.95,619,539.83,-79.17,0.8915,3.3219,88.53,43.61,24.74,Stormy,189,27829.75,989.50,1333,63.43,7,1.39,69.34,0,77.26,High
PJT_72,Building,Houston,2020-03-10,2021-10-11,45097529,56749243.43,11651714.43,533,580.80,47.80,1.5659,3.6759,199.63,-7.56,58.22,Cloudy,262,40061.42,518.16,8840,77.90,2,1.57,88.81,0,36.41,High
PJT_73,Tunnel,Seattle,2020-03-11,2021-01-14,21808840,25843460.85,4034620.85,222,309.27,87.27,1.9793,2.7152,163.99,31.43,33.38,Sunny,270,40137.87,879.22,6438,56.39,5,4.93,70.00,0,96.08,Medium
PJT_74,Building,Seattle,2020-03-12,2022-11-11,25652234,37216307.35,11564073.35,688,974.80,286.80,1.0866,4.0057,377.19,-5.66,62.17,Cloudy,189,18219.49,192.34,6372,79.66,4,5.01,85.88,1,49.95,High
PJT_75,Road,Houston,2020-03-13,2022-05-08,30188363,31047553.52,859190.52,541,786.87,245.87,1.9621,4.7395,83.77,25.06,45.43,Cloudy,293,6401.33,863.80,8179,42.09,1,3.12,82.26,1,95.45,High
PJT_76,Tunnel,Chicago,2020-03-14,2021-11-20,25895006,28272392.73,2377386.73,337,616.90,279.90,1.5499,2.8696,288.26,11.89,65.47,Cloudy,295,10105.19,762.11,9176,71.06,8,2.06,88.75,0,29.31,High
PJT_77,Bridge,Los Angeles,2020-03-15,2023-10-01,33963887,33288546.41,-675340.59,890,1295.73,405.73,0.3579,0.3703,127.70,29.24,89.81,Sunny,220,20634.14,158.45,9882,57.42,4,8.66,85.59,1,67.39,High
PJT_78,Building,Chicago,2020-03-16,2021-04-13,14487564,19773245.79,5285681.79,409,393.32,-15.68,0.5498,2.4701,212.40,21.48,52.72,Stormy,83,32537.68,177.59,6067,63.89,7,5.73,88.46,0,16.64,High
PJT_79,Building,Houston,2020-03-17,2022-06-01,35719442,38360344.92,2640902.92,640,806.89,166.89,1.7681,3.9013,337.91,0.01,87.64,Rainy,178,45982.05,149.87,3034,71.09,4,2.48,66.13,0,41.14,High
PJT_80,Bridge,Los Angeles,2020-03-18,2021-01-24,43617959,64189434.09,20571475.09,260,312.82,52.82,0.6215,3.1251,326.49,-4.86,64.87,Stormy,291,31129.09,254.08,6531,90.55,9,1.37,93.19,1,95.37,High
PJT_81,Bridge,Los Angeles,2020-03-19,2022-08-13,39395477,44153718.24,4758241.24,846,877.73,31.73,1.3141,2.4902,332.22,5.93,86.97,Rainy,112,41210.97,716.49,5873,67.21,0,2.42,70.78,0,40.62,Medium
PJT_82,Dam,Los Angeles,2020-03-20,2022-06-13,24177425,35879133.89,11701708.89,506,815.13,309.13,0.3485,1.8527,302.74,7.55,52.65,Sunny,165,16156.35,187.13,5754,96.72,9,4.76,98.13,0,83.21,High
PJT_83,Bridge,Los Angeles,2020-03-21,2022-02-17,34438034,51566827.39,17128793.39,374,698.45,324.45,0.9869,4.3954,273.82,-5.05,47.53,Rainy,297,15832.79,625.01,1797,43.03,7,6.38,92.14,1,35.72,High
PJT_84,Tunnel,Houston,2020-03-22,2021-11-23,18748475,24801987.13,6053512.13,621,611.99,-9.01,1.5513,1.8297,230.26,21.37,33.63,Stormy,123,8308.93,553.83,5582,89.52,9,7.12,55.94,0,45.45,High
PJT_85,Building,Chicago,2020-03-23,2022-08-14,14358548,17827586.38,3469038.38,554,874.13,320.13,0.8626,0.2013,67.51,29.25,76.28,Stormy,166,11702.33,903.82,3290,59.68,9,3.87,69.65,0,85.83,High
PJT_86,Bridge,Los Angeles,2020-03-24,2023-02-14,36724721,42909175.91,6184454.91,699,1057.99,358.99,1.1696,2.3745,57.49,8.22,27.67,Rainy,199,18845.50,908.89,1436,75.81,4,9.70,89.15,1,61.99,High
PJT_87,Tunnel,Chicago,2020-03-25,2022-02-04,43213169,56988180.88,13775011.88,671,681.37,10.37,1.5718,1.9010,419.75,3.32,60.08,Snowy,98,5852.18,382.32,3481,64.78,3,4.69,88.75,0,88.55,High
PJT_88,Tunnel,Seattle,2020-03-26,2022-04-05,22813704,34192720.19,11379016.19,711,740.89,29.89,1.0089,1.8841,480.51,15.28,57.32,Stormy,140,35414.09,880.89,5331,76.60,3,9.62,63.95,1,94.73,High
PJT_89,Building,Los Angeles,2020-03-27,2022-02-02,33816441,35712748.12,1896307.12,392,677.83,285.83,0.7627,4.6685,407.93,5.04,28.53,Stormy,147,45309.22,455.08,6654,97.28,2,3.61,64.38,1,41.17,High
PJT_90,Road,Los Angeles,2020-03-28,2022-03-01,37143352,38117854.99,974502.99,670,703.41,33.41,1.1678,1.3581,99.15,30.75,36.75,Snowy,221,45733.29,303.10,4814,43.15,6,3.97,73.62,0,22.37,High
PJT_91,Bridge,Seattle,2020-03-29,2022-08-08,32923662,38202692.61,5279030.61,596,862.03,266.03,0.4790,4.8196,194.53,25.52,83.56,Snowy,216,30836.00,581.64,1611,94.79,2,4.76,91.88,1,13.27,High
PJT_92,Road,New York,2020-03-30,2022-05-25,20425799,29002245.97,8576446.97,370,786.40,416.40,0.1176,2.8398,98.29,44.06,39.92,Stormy,184,27226.06,944.70,9261,68.08,3,8.28,66.53,0,68.35,High
PJT_93,Dam,Houston,2020-03-31,2022-08-12,39103152,50378965.88,11275813.88,525,864.11,339.11,0.4670,3.0548,337.43,12.30,49.94,Sunny,72,23037.50,185.85,3303,68.65,3,1.06,69.18,0,34.03,High
PJT_94,Building,Los Angeles,2020-04-01,2023-03-16,1767439,1802804.66,35365.66,776,1079.13,303.13,0.7831,1.1815,350.50,15.60,31.18,Stormy,286,45280.33,733.20,6095,81.42,4,4.31,61.04,0,53.04,High
PJT_95,Road,Chicago,2020-04-02,2022-03-05,37858503,54641857.98,16783354.98,562,702.40,140.40,1.5390,4.0100,421.52,31.90,67.62,Stormy,273,40431.68,572.96,9653,82.23,1,9.26,55.61,1,91.26,High
PJT_96,Dam,Chicago,2020-04-03,2022-04-01,23019601,32352113.37,9332512.37,729,728.42,-0.58,0.9395,3.4015,372.61,16.89,82.92,Rainy,257,7503.61,218.75,7806,67.41,0,6.03,83.64,0,11.96,High
PJT_97,Building,Houston,2020-04-04,2021-12-24,4039347,4545894.44,506547.44,403,629.50,226.50,1.4307,2.7058,77.12,39.18,89.03,Rainy,58,17919.08,261.98,3218,85.95,6,4.37,94.57,0,92.54,High
PJT_98,Road,New York,2020-04-05,2021-09-30,45412145,64415307.52,19003162.52,262,543.85,281.85,0.3527,4.3014,103.38,44.61,47.51,Cloudy,236,49042.60,851.34,1372,98.71,7,7.06,77.22,1,84.10,High
PJT_99,Dam,New York,2020-04-06,2021-09-24,13648708,19917787.99,6269079.99,534,536.21,2.21,1.4775,0.5642,414.27,13.06,73.62,Snowy,111,14273.67,190.81,1550,66.79,0,3.20,52.21,0,58.58,High
PJT_100,Tunnel,Seattle,2020-04-07,2023-05-23,16714313,23070115.49,6355802.49,695,1141.55,446.55,1.4899,1.5945,319.06,26.99,42.45,Sunny,274,11446.72,694.19,4621,64.81,4,1.55,97.43,0,92.04,High
PJT_101,Road,Chicago,2020-04-08,2021-12-30,24113287,35254377.12,11141090.12,687,631.85,-55.15,1.3756,3.9290,193.43,12.90,30.45,Rainy,97,38948.72,526.17,4692,58.04,2,8.25,95.74,0,97.10,High
PJT_102,Bridge,Chicago,2020-04-08,2021-06-24,18112468,17789502.35,-322965.65,317,442.86,125.86,1.3287,4.6111,431.21,-4.91,70.72,Cloudy,63,17080.77,706.30,1647,92.42,3,8.24,79.38,1,29.53,High
PJT_103,Dam,Los Angeles,2020-04-09,2022-10-13,2029027,2004019.35,-25007.65,490,917.22,427.22,0.4610,3.7074,386.10,31.49,84.01,Stormy,230,14203.09,923.61,6269,86.53,6,5.20,82.44,0,42.37,High
PJT_104,Road,New York,2020-04-10,2021-12-26,49480354,57158159.88,7677805.88,280,625.49,345.49,1.6955,4.5717,216.82,12.77,59.38,Cloudy,239,11566.52,334.70,7841,57.71,3,3.97,68.99,1,54.94,High
PJT_105,Building,Los Angeles,2020-04-11,2023-04-28,44063385,58636739.70,14573354.70,680,1112.25,432.25,0.9756,3.6639,208.48,-2.30,58.26,Cloudy,284,45021.40,991.29,1962,71.44,1,9.51,83.41,1,47.12,High
PJT_106,Dam,Houston,2020-04-12,2020-12-26,34939161,40054473.53,5115312.53,334,258.84,-75.16,0.2149,3.1886,470.26,40.20,66.15,Snowy,51,28949.56,470.20,1274,71.77,4,5.82,64.33,0,72.81,High
PJT_107,Road,Seattle,2020-04-13,2022-03-09,36190908,34264949.69,-1925958.31,289,695.57,406.57,0.4647,2.6323,416.85,4.70,47.78,Sunny,295,23271.23,608.50,4700,58.00,1,6.88,92.91,0,18.42,High
PJT_108,Road,New York,2020-04-14,2022-10-18,43731440,37440349.28,-6291090.72,745,917.28,172.28,0.4256,2.4993,245.26,33.14,59.61,Snowy,279,28767.16,138.30,4463,94.08,9,5.28,52.33,1,93.30,High
PJT_109,Bridge,Chicago,2020-04-15,2022-06-14,22104710,19013979.97,-3090730.03,853,790.44,-62.56,0.4936,0.7210,419.31,35.15,85.02,Sunny,91,30378.12,610.03,7375,80.62,8,3.99,87.78,1,98.96,High
PJT_110,Tunnel,Chicago,2020-04-16,2021-08-11,30332496,30359601.21,27105.21,534,482.46,-51.54,0.2444,3.0258,326.24,22.76,87.82,Sunny,57,33535.53,805.19,8381,69.44,5,5.98,68.77,1,62.73,Medium
PJT_111,Road,Houston,2020-04-17,2022-09-23,17538964,23037789.57,5498825.57,813,889.55,76.55,0.2559,0.7711,370.25,24.86,71.78,Sunny,142,9794.79,104.68,6050,66.68,4,1.92,54.36,0,60.13,High
PJT_112,Bridge,New York,2020-04-18,2020-11-22,24750785,29954461.16,5203676.16,285,218.92,-66.08,1.2342,3.9222,438.67,-9.32,48.97,Snowy,235,45551.12,914.69,4977,74.32,2,7.17,58.48,0,34.16,High
PJT_113,Dam,Houston,2020-04-19,2021-09-02,29259699,30571673.62,1311974.62,351,501.38,150.38,1.5871,1.8056,474.90,29.65,54.71,Stormy,100,25603.77,221.94,1110,96.93,5,8.57,68.99,1,49.62,High
PJT_114,Road,Chicago,2020-04-20,2021-05-23,41480822,60799739.13,19318917.13,319,398.23,79.23,0.4816,1.5709,484.06,43.28,40.40,Rainy,297,30914.57,318.18,7161,56.82,6,4.29,96.60,1,99.75,High
PJT_115,Dam,Chicago,2020-04-21,2022-01-13,31978942,46783071.78,14804129.78,207,632.09,425.09,0.4983,3.9884,424.08,-6.20,79.35,Rainy,222,27468.64,670.00,4965,55.16,2,7.44,89.45,1,99.16,High
PJT_116,Road,Chicago,2020-04-22,2022-06-24,47419796,53200053.37,5780257.37,590,793.21,203.21,0.1699,4.8421,365.74,34.68,61.57,Snowy,77,39602.93,691.84,6816,49.98,9,1.40,99.18,1,45.97,High
PJT_117,Building,New York,2020-04-23,2020-11-22,18363638,18258978.15,-104659.85,288,213.59,-74.41,1.5190,2.7900,359.45,2.16,46.19,Rainy,247,35580.00,721.39,3469,60.70,0,5.34,64.77,0,17.73,Medium
PJT_118,Dam,Los Angeles,2020-04-24,2021-12-15,14882631,17691350.17,2808719.17,499,600.83,101.83,0.7618,0.4881,374.90,14.88,24.70,Snowy,257,36985.05,120.33,6620,78.88,2,9.37,87.02,1,59.67,High
PJT_119,Building,Chicago,2020-04-25,2023-03-04,16559562,22662443.88,6102881.88,616,1043.99,427.99,1.2965,0.9319,345.79,11.76,71.62,Cloudy,165,31649.14,449.95,4519,52.35,1,6.20,89.98,0,42.92,High
PJT_120,Dam,New York,2020-04-26,2021-04-16,33848713,40382014.31,6533301.31,296,355.05,59.05,1.3143,2.9849,325.09,22.29,44.35,Rainy,208,12763.74,706.23,5873,95.12,9,1.76,56.70,1,37.48,High
PJT_121,Dam,Los Angeles,2020-04-27,2022-09-28,27069328,30367872.31,3298544.31,890,884.92,-5.08,0.3619,1.9185,133.59,24.95,68.54,Cloudy,192,12508.95,359.95,4065,58.87,7,6.57,93.28,0,53.61,High
PJT_122,Dam,New York,2020-04-28,2022-11-26,34216864,38183875.73,3967011.73,755,942.88,187.88,1.0343,3.5507,249.73,-0.80,59.58,Cloudy,124,6471.28,302.36,5729,50.09,7,6.09,88.63,0,55.97,High
PJT_123,Bridge,Houston,2020-04-29,2022-06-22,25619676,30803258.84,5183582.84,454,784.81,330.81,1.5379,3.8000,248.61,2.02,49.76,Cloudy,126,44366.44,129.01,5305,60.91,1,4.95,99.70,0,31.33,High
PJT_124,Bridge,Los Angeles,2020-04-30,2023-03-25,12138837,15179594.79,3040757.79,804,1059.37,255.37,1.5912,4.0676,412.45,21.35,57.26,Stormy,187,12576.98,981.10,5794,57.36,4,9.57,75.72,1,83.37,High
PJT_125,Dam,New York,2020-05-01,2022-03-18,45016454,41976821.91,-3039632.09,240,686.02,446.02,1.7455,1.2484,370.13,35.57,73.30,Rainy,175,11397.72,669.16,7786,62.51,1,6.70,94.01,1,56.41,High
PJT_126,Building,Los Angeles,2020-05-02,2023-04-05,22964011,28206031.14,5242020.14,645,1068.63,423.63,1.7509,4.2358,91.91,43.47,64.44,Sunny,267,7849.88,580.98,4568,98.09,3,5.45,66.14,1,59.26,High
PJT_127,Dam,Chicago,2020-05-03,2023-02-10,46805284,62974876.80,16169592.80,676,1013.80,337.80,0.1873,3.1309,426.52,-9.10,85.06,Cloudy,162,25543.32,992.65,8009,52.14,2,8.94,65.09,1,88.89,High
PJT_128,Tunnel,Los Angeles,2020-05-04,2021-06-07,45594431,65540634.70,19946203.70,436,399.68,-36.32,0.4145,1.9817,187.48,28.47,36.39,Snowy,230,9283.27,292.08,2276,47.96,3,5.67,72.25,1,40.92,High
PJT_129,Tunnel,New York,2020-05-05,2022-10-02,5753207,5746392.12,-6814.88,890,880.05,-9.95,0.2697,4.0298,96.44,10.22,40.95,Rainy,248,41601.56,887.05,3340,44.10,9,1.08,82.50,0,75.02,High
PJT_130,Dam,New York,2020-05-06,2023-05-04,15579043,14120022.34,-1459020.66,810,1093.88,283.88,0.2909,3.7622,315.31,11.12,87.43,Sunny,252,11292.36,349.27,2380,54.89,9,6.40,80.38,0,72.14,High
PJT_131,Building,Seattle,2020-05-07,2022-12-14,13659853,18250907.28,4591054.28,710,951.67,241.67,0.6615,0.2728,454.06,42.51,54.64,Snowy,111,27481.21,634.54,9655,93.32,0,9.88,96.70,1,87.47,High
PJT_132,Bridge,New York,2020-05-08,2022-06-10,12594419,16949214.68,4354795.68,554,763.57,209.57,1.9135,3.8518,57.51,-6.29,38.35,Snowy,286,7721.10,810.36,9300,57.19,8,7.90,71.18,0,67.65,High
PJT_133,Bridge,Chicago,2020-05-09,2021-06-16,21797499,19647481.22,-2150017.78,336,403.06,67.06,1.8498,4.8716,119.92,7.97,61.05,Snowy,129,36440.41,756.96,4909,43.47,1,9.32,55.80,1,14.95,High
PJT_134,Dam,Houston,2020-05-10,2021-09-09,48076842,41220021.45,-6856820.55,192,487.19,295.19,1.0432,1.7335,282.75,35.24,38.15,Sunny,82,38739.94,886.11,2934,86.29,0,4.02,71.47,0,33.67,High
PJT_135,Bridge,Houston,2020-05-11,2022-09-07,25167505,22299300.91,-2868204.09,688,849.25,161.25,1.7328,0.8344,120.79,32.53,82.60,Snowy,108,38335.10,102.31,1201,54.67,7,4.28,96.01,1,96.43,High
PJT_136,Tunnel,Chicago,2020-05-12,2023-01-30,22595767,22852705.03,256938.03,851,993.27,142.27,1.8401,1.5997,421.70,21.43,28.36,Snowy,95,15043.33,564.20,1752,97.24,1,8.89,93.30,1,37.96,High
PJT_137,Tunnel,Chicago,2020-05-13,2021-12-05,14466813,15038784.62,571971.62,647,571.22,-75.78,1.5906,3.6979,159.16,10.26,88.03,Cloudy,237,45519.95,784.43,5016,49.03,6,1.22,77.08,0,72.41,High
PJT_138,Tunnel,Los Angeles,2020-05-14,2021-09-29,26251376,36800593.62,10549217.62,181,503.23,322.23,1.4817,0.5197,288.42,3.10,54.44,Snowy,298,49863.17,740.49,2524,42.63,3,9.08,75.99,1,43.52,High
PJT_139,Tunnel,Chicago,2020-05-15,2021-08-22,43762820,60522924.49,16760104.49,277,464.88,187.88,0.2422,2.8391,245.74,43.03,36.57,Sunny,267,19175.40,820.74,6345,59.08,4,3.10,97.18,1,79.31,High
PJT_140,Tunnel,Seattle,2020-05-16,2021-03-07,32276429,34023282.18,1746853.18,288,295.12,7.12,0.3294,1.7914,396.65,14.86,52.43,Snowy,73,12092.69,717.45,1660,52.90,5,2.33,85.56,0,45.66,Medium
PJT_141,Tunnel,Los Angeles,2020-05-17,2022-07-26,12668066,11023793.61,-1644272.39,446,800.65,354.65,0.8683,2.2610,386.64,3.74,52.34,Cloudy,81,5538.06,847.34,4641,47.84,6,4.35,81.51,0,62.41,High
PJT_142,Building,Houston,2020-05-18,2022-02-27,14270800,20501751.71,6230951.71,202,650.50,448.50,0.9425,0.6440,457.29,35.61,43.21,Snowy,291,25744.77,251.19,8096,89.30,6,5.47,69.14,0,41.85,High
PJT_143,Dam,Los Angeles,2020-05-19,2022-01-31,10974485,9575481.12,-1399003.88,466,622.39,156.39,1.2764,1.2289,182.80,12.66,58.55,Snowy,72,17589.92,223.51,4267,78.56,8,3.24,99.70,0,11.76,High
PJT_144,Road,Los Angeles,2020-05-20,2022-10-16,33526289,35994567.41,2468278.41,671,879.59,208.59,1.1747,1.6080,171.70,-8.57,61.80,Snowy,279,41481.02,352.84,8728,71.77,9,10.00,98.70,1,69.12,High
PJT_145,Building,Chicago,2020-05-21,2021-12-03,15724462,19249884.35,3525422.35,237,561.95,324.95,1.9671,1.9421,470.84,44.53,32.16,Cloudy,201,19310.20,764.29,6878,94.84,0,7.33,67.58,0,22.79,High
PJT_146,Dam,New York,2020-05-22,2022-08-18,33912631,29662579.08,-4250051.92,735,818.80,83.80,0.2067,3.0083,58.97,16.29,43.22,Stormy,101,41290.04,406.68,3907,95.13,5,1.54,57.39,0,22.75,Medium
PJT_147,Tunnel,Chicago,2020-05-23,2023-01-30,26071252,34099886.40,8028634.40,553,982.10,429.10,1.3581,2.9301,201.45,7.74,88.31,Rainy,252,33766.97,538.48,6198,50.45,8,7.24,96.44,0,30.09,High
PJT_148,Bridge,Seattle,2020-05-24,2022-03-04,47204348,49160317.85,1955969.85,567,649.62,82.62,0.4376,0.0090,365.90,21.51,79.55,Stormy,58,13193.68,386.40,4619,78.38,1,9.43,57.03,1,31.42,High
PJT_149,Building,Seattle,2020-05-25,2023-09-27,6954301,9625310.13,2671009.13,831,1220.22,389.22,1.3730,3.6464,201.09,-9.37,34.68,Snowy,139,16549.61,197.23,1020,42.89,7,7.59,98.46,0,54.38,High
PJT_150,Road,Los Angeles,2020-05-26,2022-09-30,33177978,45210784.46,12032806.46,739,857.93,118.93,1.1983,3.7912,151.51,14.82,75.94,Snowy,125,5903.51,335.01,2715,44.45,2,8.99,58.05,1,94.77,High
PJT_151,Tunnel,Los Angeles,2020-05-27,2023-10-09,33395917,43679455.61,10283538.61,788,1230.20,442.20,0.9195,3.2682,323.29,13.88,23.75,Sunny,102,48847.93,468.35,9849,55.92,4,3.68,54.80,0,59.47,High
PJT_152,Road,Seattle,2020-05-27,2021-05-08,29696150,26933173.69,-2762976.31,235,346.24,111.24,1.6654,3.1255,266.15,-4.67,34.49,Sunny,300,8687.12,859.39,6052,87.09,7,5.40,83.05,1,58.97,High
PJT_153,Dam,Los Angeles,2020-05-28,2022-04-13,30915472,27174730.84,-3740741.16,570,685.78,115.78,0.9355,1.3170,426.69,21.03,30.58,Snowy,71,35066.35,827.36,7782,98.24,9,3.05,53.05,0,57.03,High
PJT_154,Bridge,New York,2020-05-29,2023-07-26,32961420,34420090.42,1458670.42,766,1153.28,387.28,0.8501,4.2697,65.63,21.42,56.18,Stormy,223,49223.96,232.70,8357,50.37,2,9.75,90.42,1,48.10,High
PJT_155,Road,Seattle,2020-05-30,2022-08-28,40932972,41654462.05,721490.05,822,820.38,-1.62,1.8305,4.5709,80.16,11.35,47.81,Sunny,269,17429.04,512.34,1202,87.19,9,6.29,89.08,1,23.47,High
PJT_156,Bridge,Chicago,2020-05-31,2023-06-02,7724576,11209930.25,3485354.25,776,1097.94,321.94,1.1691,0.5050,178.74,19.46,44.07,Rainy,117,22236.96,537.03,8750,42.25,4,4.63,80.91,0,46.15,High
PJT_157,Road,Los Angeles,2020-06-01,2022-12-20,32891352,47644529.11,14753177.11,887,932.92,45.92,1.8044,0.1012,417.82,6.67,39.62,Rainy,269,36328.23,188.40,4734,48.06,7,7.97,66.04,0,64.45,High
PJT_158,Tunnel,Seattle,2020-06-02,2022-03-28,28324740,37717623.71,9392883.71,632,664.04,32.04,1.5430,4.3359,419.46,18.34,31.13,Sunny,231,27805.79,222.08,9589,92.76,0,2.56,93.76,1,15.19,High
PJT_159,Tunnel,New York,2020-06-03,2022-03-02,48287183,47293498.06,-993684.94,231,637.56,406.56,0.7999,2.3211,228.62,40.77,67.68,Cloudy,145,26995.40,501.49,8775,75.21,5,4.10,91.88,0,84.78,High
PJT_160,Tunnel,Los Angeles,2020-06-04,2021-05-02,11932530,16765012.09,4832482.09,208,332.88,124.88,1.5817,1.0716,149.61,2.38,34.47,Rainy,181,5902.36,802.27,1145,68.45,2,6.83,80.06,1,32.72,Medium
PJT_161,Building,Los Angeles,2020-06-05,2023-03-09,24401478,28021405.84,3619927.84,613,1007.61,394.61,0.5146,1.5107,284.29,24.30,60.91,Snowy,180,49974.32,969.84,7131,73.69,9,6.48,64.92,1,15.75,High
PJT_162,Building,Los Angeles,2020-06-06,2021-11-09,48720695,71566904.09,22846209.09,463,521.41,58.41,1.3378,0.9418,282.78,3.22,23.97,Stormy,153,34723.86,712.68,1417,79.32,4,3.33,70.93,0,13.18,High
PJT_163,Bridge,Seattle,2020-06-07,2022-09-21,15922541,20637313.22,4714772.22,531,836.07,305.07,1.3128,2.3787,473.30,9.72,41.01,Cloudy,265,34592.66,602.42,5813,45.86,2,7.67,86.26,0,92.14,High
PJT_164,Building,Houston,2020-06-08,2021-11-05,21608143,24272581.95,2664438.95,407,515.30,108.30,1.7850,1.8584,313.51,15.51,28.24,Snowy,271,33547.85,622.28,2166,68.33,3,5.50,93.37,0,36.85,Medium
PJT_165,Tunnel,Seattle,2020-06-09,2022-07-14,23996186,26779136.48,2782950.48,320,765.94,445.94,1.1819,4.5331,255.91,7.40,70.10,Snowy,174,19968.33,987.98,6134,78.07,0,5.07,60.47,1,61.87,High
PJT_166,Dam,New York,2020-06-10,2021-02-23,30105880,37986602.92,7880722.92,270,258.59,-11.41,0.8664,4.8266,222.49,-7.93,33.96,Sunny,293,5633.47,389.99,9700,51.43,0,6.64,62.44,1,40.99,High
PJT_167,Dam,Houston,2020-06-11,2022-07-09,21543036,20650359.84,-892676.16,572,758.77,186.77,1.6653,1.4910,180.87,30.03,61.75,Sunny,161,44958.83,995.93,6615,99.77,7,4.23,59.42,0,92.64,High
PJT_168,Road,Houston,2020-06-12,2021-09-06,9805070,9680287.24,-124782.76,413,451.89,38.89,0.1416,2.5232,105.42,29.11,75.45,Rainy,274,33814.45,794.12,1796,75.64,0,6.96,82.68,1,72.08,Medium
PJT_169,Road,New York,2020-06-13,2021-12-19,17960979,20805236.89,2844257.89,569,554.51,-14.49,0.3909,3.4760,333.64,6.56,66.32,Stormy,119,33025.90,730.65,7862,89.84,1,5.60,80.88,0,80.63,Medium
PJT_170,Road,Seattle,2020-06-14,2022-09-20,18649222,25931262.66,7282040.66,803,828.87,25.87,1.9489,1.7896,234.39,-1.18,58.37,Cloudy,226,46990.60,397.54,1044,40.76,1,9.16,91.76,1,23.42,High
PJT_171,Tunnel,Chicago,2020-06-15,2021-12-26,7797488,11213618.95,3416130.95,256,559.49,303.49,1.3242,2.2838,489.78,4.53,23.51,Cloudy,273,6775.00,361.51,6123,65.56,1,1.85,87.91,1,86.68,High
PJT_172,Dam,Los Angeles,2020-06-16,2023-01-12,42728763,43771392.21,1042629.21,546,940.10,394.10,1.4928,1.8631,204.23,-3.74,48.02,Rainy,119,42606.88,720.91,8835,87.99,2,2.02,84.81,1,94.82,High
PJT_173,Dam,Houston,2020-06-17,2023-03-22,33391760,45795867.53,12404107.53,606,1008.95,402.95,1.3889,0.9063,220.89,9.72,22.02,Cloudy,173,46417.91,201.64,7738,66.44,1,3.35,65.71,0,71.01,High
PJT_174,Bridge,Chicago,2020-06-18,2022-10-13,45952493,65139649.32,19187156.32,409,847.28,438.28,1.0863,3.4412,328.21,13.81,70.87,Rainy,138,34866.98,677.26,3435,90.34,8,9.03,80.65,1,94.09,High
PJT_175,Bridge,New York,2020-06-19,2023-05-22,6024121,8062861.26,2038740.26,687,1067.79,380.79,0.7092,1.6545,175.17,17.88,58.53,Rainy,153,41769.65,170.95,8277,88.08,7,1.79,74.92,0,98.26,High
PJT_176,Tunnel,Houston,2020-06-20,2022-06-21,38388429,46331540.59,7943111.59,593,731.54,138.54,1.6692,3.9589,483.43,25.06,82.31,Stormy,102,34456.82,510.59,6584,61.80,0,8.35,92.22,0,79.07,High
PJT_177,Bridge,New York,2020-06-21,2023-02-10,31368939,28988512.80,-2380426.20,852,964.55,112.55,1.5427,1.1087,203.61,35.64,87.51,Sunny,190,28489.33,731.89,1750,93.81,7,2.26,85.84,0,19.63,High
PJT_178,Bridge,Seattle,2020-06-22,2021-06-12,27366837,27096813.29,-270023.71,372,356.00,-16.00,1.6667,0.9529,202.07,31.64,23.26,Stormy,81,39746.53,505.45,9260,48.08,7,1.04,86.81,0,48.95,High
PJT_179,Bridge,New York,2020-06-23,2023-04-22,12891854,16755304.31,3863450.31,700,1033.97,333.97,0.4299,4.0762,96.60,26.16,62.43,Sunny,179,44662.58,476.80,5067,56.42,5,9.73,72.64,1,47.15,High
PJT_180,Bridge,Los Angeles,2020-06-24,2023-07-07,22066196,28966700.00,6900504.00,898,1108.34,210.34,1.8775,3.1629,140.40,24.33,40.34,Sunny,285,35256.82,983.20,3913,70.23,5,7.39,88.04,0,62.45,High
PJT_181,Road,Chicago,2020-06-25,2022-10-30,29345869,40362252.66,11016383.66,472,857.06,385.06,1.0932,0.1264,115.40,26.86,33.99,Cloudy,123,35752.56,231.79,2016,81.44,4,2.84,77.06,0,50.73,High
PJT_182,Bridge,Chicago,2020-06-26,2022-06-18,38666229,42640202.13,3973973.13,409,722.48,313.48,1.0708,3.9842,363.26,28.11,23.29,Rainy,149,23745.48,809.30,6122,97.95,0,1.12,62.57,0,80.28,High
PJT_183,Road,Seattle,2020-06-27,2023-07-23,44461873,48420390.41,3958517.41,828,1121.45,293.45,1.2179,3.6923,138.41,29.87,33.54,Rainy,95,49255.40,167.02,3847,84.10,1,4.39,71.43,0,21.71,High
PJT_184,Bridge,Los Angeles,2020-06-28,2021-04-04,48626442,70964038.39,22337596.39,185,280.20,95.20,0.1759,4.6431,318.60,32.55,63.78,Sunny,175,40545.87,595.14,2194,87.04,5,5.73,97.85,1,80.76,High
PJT_185,Dam,New York,2020-06-29,2023-01-25,7170361,7723281.29,552920.29,736,940.63,204.63,1.7785,3.3167,198.98,6.15,86.52,Stormy,185,26368.57,605.20,1144,46.88,5,5.01,95.22,0,65.90,High
PJT_186,Tunnel,Los Angeles,2020-06-30,2023-03-02,8608402,9476295.56,867893.56,570,975.44,405.44,1.1265,1.4141,460.10,35.22,46.25,Stormy,164,26906.21,366.79,4154,59.22,1,9.53,58.37,1,58.42,High
PJT_187,Tunnel,Houston,2020-07-01,2022-05-02,15305940,21615324.84,6309384.84,395,670.28,275.28,0.9060,0.5196,291.99,28.65,88.34,Rainy,215,41753.95,164.91,3519,41.43,5,1.34,53.66,1,32.67,High
PJT_188,Tunnel,Chicago,2020-07-02,2022-09-25,28355772,31254332.82,2898560.82,413,815.82,402.82,1.2974,2.1651,57.60,27.03,57.44,Stormy,66,39018.23,627.05,2189,61.46,8,1.96,89.34,0,17.79,High
PJT_189,Road,New York,2020-07-03,2023-01-28,3068238,3553301.85,485063.85,584,939.72,355.72,1.1136,0.6819,225.95,33.86,58.20,Cloudy,126,35478.01,922.75,7113,97.44,0,5.98,77.75,1,10.45,High
PJT_190,Bridge,New York,2020-07-04,2023-01-30,6712766,7035309.37,322543.37,730,940.19,210.19,1.5218,4.5177,204.73,12.70,65.22,Stormy,86,12242.95,298.71,5140,51.66,2,7.04,78.36,1,77.59,High
PJT_191,Bridge,New York,2020-07-05,2023-05-22,20505370,26382114.96,5876744.96,840,1051.32,211.32,0.5763,0.9871,311.27,42.33,45.00,Cloudy,75,17831.17,162.83,4170,59.07,7,3.96,82.97,0,23.72,High
PJT_192,Bridge,Los Angeles,2020-07-06,2023-01-23,12317206,10508310.04,-1808895.96,503,931.09,428.09,0.5677,1.1076,382.92,13.99,78.81,Cloudy,223,37983.78,890.10,8583,66.72,4,5.38,55.44,0,17.38,High
PJT_193,Building,Seattle,2020-07-07,2022-08-01,43051681,38733620.90,-4318060.10,731,755.11,24.11,0.2433,0.0932,278.23,-8.28,60.73,Rainy,246,31551.63,915.67,5269,72.61,8,5.25,88.76,0,30.10,High
PJT_194,Bridge,Los Angeles,2020-07-08,2021-11-03,35253169,32040199.26,-3212969.74,317,483.29,166.29,0.7913,0.0530,157.50,43.02,88.73,Cloudy,243,28136.15,501.60,3935,73.98,9,6.93,98.39,0,53.52,High
PJT_195,Building,Houston,2020-07-09,2022-07-06,16552473,14745932.04,-1806540.96,404,727.58,323.58,0.8019,0.2140,143.05,39.92,45.29,Rainy,284,25458.96,141.79,6309,46.19,8,6.70,63.67,0,62.08,High
PJT_196,Bridge,Seattle,2020-07-10,2022-10-19,25514651,31433826.42,5919175.42,565,831.45,266.45,1.8066,0.3892,163.21,43.50,35.60,Rainy,140,41775.65,410.53,8898,93.23,0,5.52,56.95,1,16.94,High
PJT_197,Building,Seattle,2020-07-11,2021-06-28,25308370,31415613.24,6107243.24,333,352.06,19.06,1.6522,3.3055,236.58,8.16,27.93,Rainy,172,14481.68,245.12,7732,41.35,0,2.15,79.62,1,56.14,High
PJT_198,Bridge,Seattle,2020-07-12,2021-03-14,13082114,15512985.98,2430871.98,237,245.16,8.16,0.8704,4.8462,336.93,38.32,70.96,Sunny,292,8858.68,504.28,8723,92.04,2,2.97,70.54,1,62.44,Medium
PJT_199,Dam,Chicago,2020-07-13,2023-05-24,12255612,16186249.27,3930637.27,855,1045.73,190.73,0.7511,2.2674,315.77,2.64,46.98,Snowy,54,14105.68,873.63,9263,81.06,2,6.45,58.87,0,63.98,High
PJT_200,Bridge,Chicago,2020-07-14,2021-04-09,45251089,42296814.93,-2954274.07,300,269.39,-30.61,1.2466,4.1376,453.64,32.62,65.45,Stormy,157,21666.99,139.09,9680,65.74,7,8.11,69.06,0,76.73,High
PJT_201,Bridge,Houston,2020-07-15,2022-03-12,33020406,44505176.57,11484770.57,615,605.96,-9.04,1.8292,0.4191,319.23,19.91,38.05,Snowy,231,38464.06,106.40,9561,47.07,0,4.38,60.27,0,46.80,High
PJT_202,Tunnel,Seattle,2020-07-15,2022-12-13,18021004,18378664.73,357660.73,616,881.34,265.34,1.1186,2.8234,325.35,44.55,47.82,Cloudy,155,29844.72,601.81,3928,62.21,8,5.35,99.43,0,79.68,High
PJT_203,Road,Seattle,2020-07-16,2022-11-01,16419691,18723154.78,2303463.78,855,838.12,-16.88,1.4287,0.8090,146.51,12.03,43.69,Stormy,207,36367.58,736.11,3633,63.35,0,8.24,91.16,0,64.02,High
PJT_204,Tunnel,Houston,2020-07-17,2021-11-15,6371375,7937897.07,1566522.07,449,486.54,37.54,1.4765,4.6534,230.29,26.09,40.05,Stormy,64,47557.21,838.21,9099,66.34,3,8.66,96.54,1,27.53,High
PJT_205,Bridge,Chicago,2020-07-18,2023-04-12,42284701,40600242.56,-1684458.44,708,998.18,290.18,0.1685,1.1963,50.13,-1.34,89.78,Rainy,140,35134.79,464.91,4281,71.06,1,9.27,77.48,1,60.32,High
PJT_206,Bridge,Los Angeles,2020-07-19,2023-03-11,19556127,19499259.41,-56867.59,535,965.54,430.54,1.9298,2.2738,231.78,-9.74,32.25,Stormy,77,30138.38,552.85,6570,96.82,8,9.61,93.81,1,61.74,High
PJT_207,Road,New York,2020-07-20,2023-02-07,17325791,23257407.84,5931616.84,756,932.32,176.32,1.9264,2.2942,257.32,22.28,21.91,Snowy,116,8039.94,670.30,4610,80.61,3,8.20,70.62,0,58.21,High
PJT_208,Building,Seattle,2020-07-21,2021-10-07,46211101,61770946.44,15559845.44,474,443.29,-30.71,0.7498,2.7728,130.32,7.26,35.30,Stormy,118,13225.30,771.54,4115,69.94,3,3.11,62.10,0,30.63,High
PJT_209,Dam,Chicago,2020-07-22,2022-01-19,8159797,7571647.16,-588149.84,544,546.68,2.68,0.2491,4.7789,271.70,-9.64,80.00,Snowy,267,26703.14,658.60,9066,93.89,9,8.82,74.54,1,92.44,High
PJT_210,Building,New York,2020-07-23,2022-07-17,9606440,8503585.25,-1102854.75,407,724.59,317.59,1.6186,2.3916,293.35,17.64,47.56,Cloudy,167,48942.82,728.42,8537,58.94,0,1.11,60.54,0,39.29,High
PJT_211,Bridge,Los Angeles,2020-07-24,2022-02-25,16914139,17338943.51,424804.51,371,581.74,210.74,1.9212,1.7155,132.76,13.32,49.34,Sunny,143,43444.67,351.67,3947,74.28,9,7.17,90.71,0,82.37,High
PJT_212,Bridge,New York,2020-07-25,2022-03-10,11036000,12773525.12,1737525.12,570,593.91,23.91,0.1185,2.1076,110.51,39.13,64.15,Stormy,234,19207.73,537.96,5111,73.73,9,1.43,54.95,1,29.39,High
PJT_213,Building,New York,2020-07-26,2022-09-29,23458420,23900609.56,442189.56,824,795.04,-28.96,0.7846,2.7875,414.51,8.93,48.82,Sunny,272,35581.36,645.02,9821,50.47,4,4.20,83.66,0,76.29,Medium
PJT_214,Tunnel,New York,2020-07-27,2022-12-23,43393487,63865943.15,20472456.15,808,879.86,71.86,1.7497,3.2029,467.86,13.20,62.86,Rainy,267,45818.29,171.20,6629,53.69,5,6.88,85.52,0,45.59,High
PJT_215,Road,Los Angeles,2020-07-28,2023-04-01,31218360,34936244.70,3717884.70,781,977.10,196.10,0.4494,0.1155,377.50,26.41,85.83,Snowy,103,12510.97,192.71,2045,96.21,7,5.94,51.32,0,78.85,High
PJT_216,Tunnel,Houston,2020-07-29,2022-06-24,6658033,8493261.47,1835228.47,448,695.59,247.59,1.7824,1.5469,161.33,5.63,63.85,Cloudy,184,42733.30,125.71,6846,91.62,5,8.78,73.36,1,94.14,High
PJT_217,Bridge,New York,2020-07-30,2022-08-20,47816678,57405687.31,9589009.31,318,751.86,433.86,1.2226,2.2827,387.01,38.25,50.45,Stormy,129,45901.54,533.49,4721,88.28,7,3.77,70.61,1,10.95,High
PJT_218,Bridge,Seattle,2020-07-31,2022-03-26,36909878,31572935.60,-5336942.40,532,603.98,71.98,1.8520,4.7348,264.68,-9.50,50.13,Sunny,202,15404.69,106.50,7121,51.31,8,4.93,62.49,1,68.14,High
PJT_219,Road,Seattle,2020-08-01,2021-09-15,42964717,43210268.08,245551.08,449,410.98,-38.02,1.5526,4.5498,413.41,27.66,39.93,Stormy,257,17096.99,269.20,2121,50.94,4,1.99,72.77,1,73.04,Low
PJT_220,Road,Seattle,2020-08-02,2021-10-14,4330751,6410878.01,2080127.01,508,438.28,-69.72,0.1420,4.8617,176.95,-3.12,50.69,Snowy,109,9058.86,113.25,4558,60.51,4,8.07,74.92,1,72.72,High
PJT_221,Tunnel,Los Angeles,2020-08-03,2022-04-24,10803788,9576746.96,-1227041.04,262,629.08,367.08,1.5737,0.3569,261.57,0.57,78.91,Rainy,262,5567.70,977.14,5078,63.09,7,3.22,99.73,1,76.18,High
PJT_222,Tunnel,Chicago,2020-08-04,2024-02-26,32730785,36099762.22,3368977.22,861,1301.52,440.52,1.9263,4.6811,121.38,30.05,72.13,Stormy,183,10496.37,533.11,5895,51.92,0,8.77,60.89,1,66.96,High
PJT_223,Building,Houston,2020-08-05,2022-06-28,40238342,37332016.48,-2906325.52,351,692.03,341.03,1.5994,0.0446,68.90,33.09,53.27,Stormy,89,21712.94,180.53,3583,70.00,9,4.05,98.48,0,15.40,High
PJT_224,Building,Seattle,2020-08-06,2023-08-13,8206932,7647119.50,-559812.50,898,1102.27,204.27,0.5421,4.9084,404.85,31.62,76.39,Rainy,237,13683.44,720.32,6868,83.46,4,9.09,74.27,1,36.52,High
PJT_225,Road,Seattle,2020-08-07,2022-09-24,24331381,25800815.61,1469434.61,760,778.91,18.91,0.9899,4.3383,319.41,37.33,31.22,Stormy,89,25222.29,837.48,9873,62.03,0,7.98,75.30,1,89.46,High
PJT_226,Bridge,Los Angeles,2020-08-08,2022-12-17,49385730,44011186.78,-5374543.22,815,861.56,46.56,1.9376,4.0952,135.44,27.58,73.60,Cloudy,206,17740.81,468.82,6276,46.63,8,6.93,52.19,0,26.08,High
PJT_227,Tunnel,Seattle,2020-08-09,2021-11-18,7627241,6640894.95,-986346.05,289,466.25,177.25,1.3193,1.9430,270.46,24.32,61.32,Snowy,143,14932.53,746.06,1214,95.81,3,6.90,96.42,0,52.13,High
PJT_228,Tunnel,Los Angeles,2020-08-10,2023-07-11,28914146,40026350.66,11112204.66,751,1065.04,314.04,1.6091,0.2915,327.62,19.10,71.40,Sunny,69,47507.16,964.53,2591,46.07,3,5.78,59.47,0,32.39,High
PJT_229,Dam,Chicago,2020-08-11,2023-01-19,8080936,10893782.33,2812846.33,751,891.05,140.05,1.1955,3.3725,366.15,13.49,27.29,Cloudy,190,23070.07,403.76,3591,72.03,9,4.99,67.62,0,99.23,High
PJT_230,Building,Los Angeles,2020-08-12,2023-02-25,29896276,41466156.75,11569880.75,602,927.02,325.02,0.7146,1.2036,295.53,10.63,58.52,Sunny,142,48274.33,502.75,7505,40.01,0,9.85,79.79,1,99.41,High
PJT_231,Building,Houston,2020-08-13,2023-02-27,15416514,21678983.75,6262469.75,487,928.73,441.73,0.1412,4.1097,360.37,5.18,58.76,Stormy,196,46666.51,239.24,1618,67.62,2,2.25,68.35,0,30.97,High
PJT_232,Building,Houston,2020-08-14,2023-01-26,15591968,20694796.12,5102828.12,764,895.89,131.89,1.4748,3.9645,127.81,35.41,68.27,Stormy,259,45844.50,635.71,5921,42.24,9,4.43,89.01,0,40.10,High
PJT_233,Road,New York,2020-08-15,2022-06-29,16214765,21662782.17,5448017.17,303,683.99,380.99,1.7140,4.6433,335.25,24.77,23.79,Stormy,60,19369.24,608.42,6354,70.14,3,2.38,83.68,1,97.39,High
PJT_234,Bridge,Chicago,2020-08-16,2022-06-10,29986712,31136971.35,1150259.35,696,663.74,-32.26,0.8492,0.6609,87.15,21.43,23.45,Rainy,117,8828.55,551.64,3136,85.72,7,6.03,74.39,0,27.65,High
PJT_235,Bridge,Chicago,2020-08-17,2021-12-10,18868210,25564570.45,6696360.45,432,480.43,48.43,0.7145,4.6207,90.32,26.95,49.65,Sunny,98,19433.23,634.49,1396,86.18,2,9.89,80.81,1,49.80,High
PJT_236,Dam,New York,2020-08-18,2022-05-14,16669221,16332425.87,-336795.13,225,634.83,409.83,0.8103,3.7887,433.74,-3.82,23.82,Stormy,287,11645.47,849.20,5713,40.82,1,3.75,73.56,0,76.60,High
PJT_237,Dam,Seattle,2020-08-19,2023-03-13,18358244,22153260.85,3795016.85,739,936.33,197.33,1.2838,4.9615,362.78,26.75,46.36,Stormy,61,16495.54,154.10,4288,87.35,9,3.44,73.25,1,15.99,High
PJT_238,Building,Los Angeles,2020-08-20,2021-03-28,44581244,49094653.47,4513409.47,290,220.11,-69.89,1.9616,2.5427,369.36,39.71,53.93,Stormy,186,8960.93,278.99,8503,73.64,0,1.36,96.11,0,54.09,Medium
PJT_239,Dam,Houston,2020-08-21,2022-11-16,24849022,31220314.49,6371292.49,535,817.69,282.69,0.5488,4.8912,275.56,34.65,63.81,Rainy,277,49997.83,991.33,5590,53.53,5,9.07,82.85,1,44.40,High
PJT_240,Bridge,Seattle,2020-08-22,2022-06-07,11250822,12681951.85,1431129.85,607,654.39,47.39,0.6935,3.0268,252.13,-2.75,65.67,Stormy,188,35782.19,282.08,3262,58.54,8,9.19,71.50,1,79.30,High
PJT_241,Bridge,Seattle,2020-08-23,2021-11-26,36766443,53921335.02,17154892.02,505,460.94,-44.06,0.3249,1.5880,445.84,29.99,73.58,Rainy,296,23506.33,498.70,5485,49.12,3,1.96,59.24,0,65.08,High
PJT_242,Building,Chicago,2020-08-24,2023-05-25,41021088,41058771.91,37683.91,760,1004.55,244.55,1.4060,1.7963,359.66,16.21,55.16,Stormy,170,37040.86,436.56,7348,69.49,2,2.47,61.31,0,97.19,High
PJT_243,Building,New York,2020-08-25,2022-08-15,14611930,19617316.52,5005386.52,407,720.45,313.45,0.2257,4.6355,493.53,37.69,54.30,Sunny,271,25589.52,322.11,7633,86.57,9,7.62,69.02,1,65.04,High
PJT_244,Bridge,Chicago,2020-08-26,2023-03-11,48252193,65695259.95,17443066.95,729,927.37,198.37,1.0892,2.2580,422.15,-7.67,89.71,Stormy,187,22802.50,761.65,7347,70.97,0,2.71,71.98,0,79.63,High
PJT_245,Building,New York,2020-08-27,2022-01-02,42146744,61001989.04,18855245.04,350,493.90,143.90,1.4109,4.5184,258.61,25.54,26.33,Stormy,78,13089.71,626.90,9952,48.12,6,3.91,51.25,1,90.70,High
PJT_246,Dam,New York,2020-08-28,2021-07-18,47420370,60298541.79,12878171.79,272,324.54,52.54,1.4518,0.8200,379.97,-4.98,69.44,Sunny,71,28571.78,445.68,9383,76.72,2,4.41,69.03,0,92.10,High
PJT_247,Bridge,Seattle,2020-08-29,2022-08-25,13003545,17554160.51,4550615.51,346,726.47,380.47,0.1975,1.5403,378.57,42.85,40.21,Cloudy,80,45434.39,964.39,1057,77.35,4,1.11,74.88,0,82.67,High
PJT_248,Bridge,New York,2020-08-30,2021-11-30,45256324,52461709.76,7205385.76,423,457.94,34.94,0.8793,0.3970,320.05,3.46,58.31,Stormy,210,30089.69,842.73,1801,51.09,0,6.88,51.84,0,70.03,High
PJT_249,Bridge,Los Angeles,2020-08-31,2023-03-15,4290439,3950537.42,-339901.58,519,926.80,407.80,1.9881,0.8067,177.97,26.35,68.99,Stormy,251,30297.97,969.66,6901,95.89,1,7.92,66.14,0,83.82,High
PJT_250,Road,Chicago,2020-09-01,2021-07-19,10029215,9320300.94,-708914.06,246,321.20,75.20,1.7329,1.6460,236.19,1.54,34.63,Snowy,77,30711.52,981.41,9666,99.23,7,7.52,80.24,0,73.61,High
PJT_251,Road,Chicago,2020-09-02,2022-03-17,39597172,59267693.54,19670521.54,504,561.62,57.62,0.7723,0.6486,303.19,18.58,64.23,Rainy,256,13095.83,648.47,5759,98.76,0,2.06,73.24,0,76.37,High
PJT_252,Dam,Chicago,2020-09-02,2022-09-15,23400419,25208628.55,1808209.55,604,743.44,139.44,1.6315,1.0617,338.28,27.95,37.81,Snowy,128,18512.78,594.99,1100,46.83,5,4.07,86.22,0,12.62,Medium
PJT_253,Dam,Seattle,2020-09-03,2023-01-30,46128896,53575039.81,7446143.81,518,879.93,361.93,1.0016,0.1778,111.09,-1.45,52.24,Stormy,279,20079.93,805.59,7782,95.67,0,8.52,64.97,1,38.40,High
PJT_254,Bridge,Houston,2020-09-04,2022-05-16,23261304,31860960.79,8599656.79,393,619.02,226.02,1.7873,1.7680,486.33,5.43,22.18,Rainy,210,29042.29,249.37,7382,51.24,1,8.78,87.58,1,38.30,High
PJT_255,Tunnel,Los Angeles,2020-09-05,2022-03-28,16947901,18499130.94,1551229.94,603,569.00,-34.00,1.6760,1.5131,286.30,-0.37,46.20,Snowy,249,14094.43,183.34,9290,41.50,7,9.14,57.70,1,53.51,High
PJT_256,Bridge,Los Angeles,2020-09-06,2022-01-29,7593550,10512434.96,2918884.96,515,510.95,-4.05,1.8822,3.3836,109.72,29.85,52.16,Stormy,79,5184.94,939.10,2426,60.00,0,1.93,88.31,0,12.02,Medium
PJT_257,Building,Seattle,2020-09-07,2022-02-23,20231211,20834550.22,603339.22,508,534.29,26.29,0.7064,2.2056,102.94,-1.79,39.15,Snowy,295,33032.52,562.65,4384,72.55,8,3.87,57.08,0,35.49,High
PJT_258,Dam,Seattle,2020-09-08,2021-08-11,23732382,28511493.19,4779111.19,252,337.03,85.03,0.1964,0.1450,456.48,-7.22,46.85,Snowy,159,22636.25,734.21,8304,76.98,4,3.99,59.91,0,82.84,Medium
PJT_259,Tunnel,New York,2020-09-09,2022-09-29,47882212,55274236.21,7392024.21,761,750.85,-10.15,0.9656,3.4224,369.60,15.60,36.22,Cloudy,86,43749.33,655.25,6954,63.52,5,8.10,94.12,0,12.72,High
PJT_260,Road,Houston,2020-09-10,2022-08-23,12462297,12879376.31,417079.31,539,712.69,173.69,0.7624,2.8734,278.58,12.31,70.00,Snowy,133,30026.74,163.83,5949,71.96,6,6.31,61.93,0,24.31,High
PJT_261,Road,New York,2020-09-11,2021-08-24,47577568,58716933.94,11139365.94,247,347.58,100.58,1.5902,2.1768,404.30,19.95,36.53,Snowy,239,46888.85,616.77,8972,46.86,9,5.17,77.75,0,25.86,High
PJT_262,Road,Houston,2020-09-12,2022-10-21,41024089,55438854.28,14414765.28,792,769.63,-22.37,0.8199,2.4715,347.07,-5.02,77.19,Stormy,281,38974.48,828.86,3403,79.65,7,5.78,69.50,0,27.61,High
PJT_263,Building,Los Angeles,2020-09-13,2023-09-22,46604427,48839462.84,2235035.84,763,1104.00,341.00,1.8923,2.1736,492.16,8.93,26.25,Snowy,206,49388.97,463.78,3089,91.15,0,4.32,77.44,1,73.30,High
PJT_264,Building,Houston,2020-09-14,2023-01-08,16786767,18979371.84,2192604.84,468,846.81,378.81,1.2213,3.1261,370.30,12.33,50.46,Cloudy,219,12803.45,225.16,7301,90.60,5,8.56,57.71,1,70.31,High
PJT_265,Dam,Houston,2020-09-15,2022-02-13,10663400,14063643.70,3400243.70,253,516.65,263.65,1.0247,2.1837,495.60,-5.34,64.96,Rainy,270,25521.29,810.04,7974,77.39,7,5.58,77.60,0,41.98,High
PJT_266,Dam,New York,2020-09-16,2022-09-08,34430747,48217593.70,13786846.70,799,722.94,-76.06,0.5498,2.5086,234.88,20.04,45.69,Snowy,195,26747.07,431.72,8889,97.70,1,2.28,86.56,0,98.53,High
PJT_267,Building,New York,2020-09-17,2022-07-19,41941145,38061175.04,-3879969.96,709,670.46,-38.54,0.9977,3.7084,482.18,-5.71,64.36,Stormy,129,32586.76,913.23,9765,86.71,7,5.09,95.30,0,39.84,High
PJT_268,Building,Los Angeles,2020-09-18,2022-01-15,47644093,69077356.89,21433263.89,476,484.78,8.78,1.5239,3.6349,303.67,-6.62,53.12,Cloudy,196,7322.89,991.33,1447,57.21,1,2.14,53.84,0,32.68,High
PJT_269,Bridge,Los Angeles,2020-09-19,2023-01-02,1953147,2601453.05,648306.05,461,835.66,374.66,1.2473,4.5507,382.54,26.25,45.88,Cloudy,116,40213.75,312.58,3962,87.96,0,4.09,54.22,1,94.05,High
PJT_270,Dam,New York,2020-09-20,2023-04-08,16968382,21709920.40,4741538.40,602,930.29,328.29,1.4794,0.8364,309.99,36.30,23.80,Sunny,243,41878.90,147.27,8602,63.92,4,5.29,97.41,0,31.03,High
PJT_271,Road,New York,2020-09-21,2021-12-09,30174527,25881023.01,-4293503.99,448,444.93,-3.07,1.8617,2.2441,355.32,42.90,67.80,Snowy,74,46297.05,673.68,8074,76.63,4,4.01,63.35,1,68.89,Medium
PJT_272,Road,New York,2020-09-22,2023-12-24,46089764,56813505.76,10723741.76,871,1188.02,317.02,0.4704,1.6870,360.63,-0.10,58.33,Snowy,262,8057.84,470.12,9605,46.23,7,4.16,86.26,0,13.06,High
PJT_273,Bridge,Houston,2020-09-23,2022-07-10,45064050,64490194.28,19426144.28,238,655.41,417.41,0.5120,2.9969,104.81,42.68,26.05,Stormy,83,21918.13,787.47,4027,93.76,2,3.28,73.35,0,67.49,High
PJT_274,Building,New York,2020-09-24,2024-04-02,22703283,23095341.16,392058.16,888,1286.80,398.80,1.5834,1.3864,78.07,11.37,89.72,Sunny,294,41576.04,260.14,2137,69.50,3,6.49,58.92,0,22.95,High
PJT_275,Road,Seattle,2020-09-25,2023-08-29,30634046,40284083.16,9650037.16,808,1068.97,260.97,0.2962,0.3646,307.11,3.78,51.21,Rainy,88,34378.94,100.78,1619,79.88,4,2.36,66.49,0,10.33,High
PJT_276,Road,New York,2020-09-26,2022-10-26,49839644,67662752.94,17823108.94,626,760.07,134.07,1.5922,2.7006,51.49,42.48,77.26,Rainy,81,30525.97,941.54,6880,60.01,4,4.61,81.61,0,18.16,High
PJT_277,Bridge,Los Angeles,2020-09-27,2022-06-16,20458796,26004463.05,5545667.05,262,627.83,365.83,0.4356,0.1967,222.87,0.51,68.71,Snowy,211,35997.92,537.85,8175,84.12,2,1.32,51.27,0,31.46,High
PJT_278,Road,Houston,2020-09-28,2023-06-19,34533235,41338389.87,6805154.87,733,994.01,261.01,1.6851,2.2465,498.13,-7.96,23.92,Snowy,153,10318.42,826.39,9570,67.50,8,2.34,78.97,0,13.32,High
PJT_279,Dam,New York,2020-09-29,2022-11-17,42498248,37388730.42,-5109517.58,849,779.10,-69.90,1.4325,0.6527,127.51,-7.25,41.51,Snowy,166,32505.17,851.82,2047,89.07,1,2.03,79.75,0,15.68,Low
PJT_280,Dam,New York,2020-09-30,2023-02-22,46526508,51705168.74,5178660.74,525,875.11,350.11,0.3295,3.4204,295.65,7.69,87.53,Cloudy,245,7051.39,256.10,2035,47.24,2,7.82,58.40,0,24.85,High
PJT_281,Dam,Chicago,2020-10-01,2021-04-30,43425862,54199252.89,10773390.89,221,211.69,-9.31,1.5776,0.0782,269.14,-9.65,32.56,Snowy,230,34329.01,898.22,7819,81.61,7,7.23,60.31,0,57.08,High
PJT_282,Road,Seattle,2020-10-02,2022-05-26,3524716,4362106.68,837390.68,358,601.59,243.59,1.4627,3.0602,89.61,35.46,41.08,Rainy,51,30096.97,272.71,9686,98.61,9,4.26,88.06,0,29.73,High
PJT_283,Dam,Los Angeles,2020-10-03,2021-06-16,11013811,14267383.73,3253572.73,234,256.67,22.67,1.9403,2.3721,129.35,26.86,23.02,Sunny,122,14431.54,326.24,8424,42.60,0,9.32,58.79,1,53.66,High
PJT_284,Tunnel,Houston,2020-10-04,2022-09-26,40775870,50025678.52,9249808.52,420,722.34,302.34,0.8962,3.7354,454.27,2.65,27.71,Cloudy,75,15670.33,471.34,4276,62.53,3,1.66,79.25,1,49.23,High
PJT_285,Dam,Chicago,2020-10-05,2022-07-26,26064159,24465461.67,-1598697.33,645,659.37,14.37,1.4677,3.1601,489.00,1.12,28.90,Stormy,65,17627.19,200.00,8627,67.51,2,7.84,60.99,0,24.11,High
PJT_286,Bridge,Seattle,2020-10-06,2024-01-24,16415060,14875463.88,-1539596.12,771,1205.17,434.17,1.7283,2.4461,498.05,22.54,78.59,Sunny,53,37850.80,762.56,5041,54.87,6,6.22,94.59,0,23.41,High
PJT_287,Bridge,Houston,2020-10-07,2023-08-19,3688292,5511517.19,1823225.19,607,1046.50,439.50,1.4936,2.5211,241.56,11.69,76.68,Snowy,165,27287.83,174.78,1203,81.59,6,9.55,56.64,1,68.29,High
PJT_288,Tunnel,Houston,2020-10-08,2023-05-11,11858404,15500688.09,3642284.09,671,945.59,274.59,1.7301,3.7364,60.99,15.02,74.03,Rainy,97,40543.64,433.38,8607,82.23,0,8.74,53.53,1,39.96,High
PJT_289,Tunnel,Los Angeles,2020-10-09,2023-05-02,47845676,70092100.59,22246424.59,616,935.03,319.03,1.1306,3.9724,404.46,-5.55,81.66,Snowy,181,47539.50,707.19,1844,46.66,5,5.19,52.04,0,68.34,High
PJT_290,Tunnel,Chicago,2020-10-10,2021-10-27,23476750,23596745.74,119995.74,389,382.36,-6.64,0.3158,2.3925,472.62,21.91,87.14,Cloudy,242,38525.75,302.89,6778,93.88,8,7.12,63.86,1,41.07,High
PJT_291,Road,Chicago,2020-10-11,2023-09-24,32552161,42688462.45,10136301.45,719,1078.67,359.67,1.3888,2.6643,181.52,24.15,75.99,Snowy,98,45135.64,512.09,2313,63.44,2,3.60,97.83,1,34.83,High
PJT_292,Dam,New York,2020-10-12,2022-09-29,35942755,52795166.19,16852411.19,334,717.75,383.75,0.1431,2.0827,357.08,41.24,53.17,Rainy,163,38196.92,119.33,4097,43.78,3,8.51,75.98,1,62.08,High
PJT_293,Building,New York,2020-10-13,2023-09-07,36578853,51109440.80,14530587.80,787,1059.90,272.90,0.9460,1.5204,109.38,33.41,32.02,Sunny,108,26790.94,973.65,1775,48.90,4,5.10,58.32,0,74.06,High
PJT_294,Building,Seattle,2020-10-14,2022-10-07,47496998,68303639.61,20806641.61,359,723.85,364.85,1.6095,0.8063,102.61,44.66,60.22,Rainy,116,21635.25,284.64,1568,79.93,5,2.33,72.42,0,58.03,High
PJT_295,Tunnel,Houston,2020-10-15,2023-07-19,10756547,15769774.33,5013227.33,594,1007.47,413.47,1.8628,0.7803,486.57,20.04,55.52,Sunny,171,45318.99,972.65,3409,87.97,7,4.05,55.62,0,13.61,High
PJT_296,Bridge,Houston,2020-10-16,2021-12-18,42441199,59272105.10,16830906.10,495,428.14,-66.86,0.9473,0.4624,74.77,25.27,60.84,Cloudy,250,47104.93,350.13,1369,45.02,7,7.09,97.88,0,45.50,High
PJT_297,Road,Los Angeles,2020-10-17,2023-08-20,4761291,6858594.54,2097303.54,797,1037.69,240.69,0.7860,0.7397,434.21,10.33,46.10,Sunny,138,20810.98,979.77,2435,52.94,7,7.67,70.78,0,24.74,High
PJT_298,Road,New York,2020-10-18,2022-09-02,41126786,37258839.88,-3867946.12,322,684.82,362.82,0.4948,2.3731,440.39,44.27,24.63,Stormy,243,21909.76,105.96,5478,64.87,8,5.16,78.40,0,27.93,High
PJT_299,Road,Los Angeles,2020-10-19,2023-05-04,21266400,29613044.78,8346644.78,747,927.01,180.01,0.6774,2.7964,258.55,-8.52,20.17,Sunny,126,48021.20,850.82,8742,47.45,4,4.75,74.59,0,32.03,High
PJT_300,Tunnel,Los Angeles,2020-10-20,2023-11-24,5477827,6788557.94,1310730.94,684,1131.00,447.00,0.7873,2.4024,246.23,4.19,68.01,Snowy,145,28063.66,617.74,5252,49.77,0,2.32,73.05,0,42.16,High
PJT_301,Tunnel,Los Angeles,2020-10-21,2022-09-12,24889703,21944372.17,-2945330.83,549,691.34,142.34,0.6542,3.1947,84.57,0.66,63.96,Snowy,203,38868.28,589.34,6180,89.61,4,3.44,84.90,0,58.10,Medium
PJT_302,Building,Seattle,2020-10-21,2021-04-24,19885626,21724235.60,1838609.60,193,185.58,-7.42,1.0213,1.7016,459.85,-4.37,30.82,Cloudy,262,13478.76,907.35,9612,90.76,8,7.32,90.13,0,92.44,High
PJT_303,Tunnel,Seattle,2020-10-22,2021-10-28,21909341,28464242.43,6554901.43,197,371.14,174.14,0.3641,2.2097,494.41,18.77,87.91,Cloudy,231,18710.79,770.01,2943,53.34,2,7.19,65.37,1,98.30,High
PJT_304,Road,Houston,2020-10-23,2021-04-29,33497795,44962988.90,11465193.90,259,188.97,-70.03,0.1808,0.5391,406.87,18.24,24.15,Snowy,282,16385.56,159.62,1168,85.27,1,9.28,60.27,1,26.63,High
PJT_305,Building,Houston,2020-10-24,2021-07-20,19614365,28768674.40,9154309.40,272,269.15,-2.85,0.7609,0.8028,275.29,30.07,36.93,Stormy,67,9459.76,620.32,1229,71.73,3,9.68,58.59,1,10.39,High
PJT_306,Tunnel,Seattle,2020-10-25,2023-09-27,32857618,35755691.67,2898073.67,696,1067.19,371.19,1.2198,2.1983,480.99,-0.05,44.84,Rainy,158,14642.33,304.80,2848,85.68,5,2.11,55.52,1,78.60,High
PJT_307,Building,Chicago,2020-10-26,2021-04-28,34132505,31580065.85,-2552439.15,221,184.59,-36.41,0.6389,3.0019,190.40,43.69,51.08,Stormy,154,18076.52,869.83,4093,91.41,7,9.45,68.37,1,70.67,High
PJT_308,Tunnel,New York,2020-10-27,2023-01-30,46400399,42004139.44,-4396259.56,628,825.01,197.01,0.3724,2.0031,315.75,-4.41,84.77,Cloudy,66,21366.95,279.18,4281,75.70,6,2.10,91.91,0,35.07,High
PJT_309,Bridge,Chicago,2020-10-28,2022-12-16,44206778,64678772.81,20471994.81,459,779.84,320.84,0.7766,3.3334,477.56,44.31,55.80,Cloudy,246,25458.56,209.97,9017,69.84,2,1.27,86.89,0,54.83,High
PJT_310,Tunnel,Seattle,2020-10-29,2023-01-18,22941638,21778011.12,-1163626.88,571,811.43,240.43,1.2817,0.4817,84.43,31.34,73.73,Rainy,101,18210.33,548.11,9270,55.70,5,8.29,77.03,1,78.76,High
PJT_311,Road,Houston,2020-10-30,2022-10-30,26255519,29869893.00,3614374.00,572,730.56,158.56,0.1684,0.8843,346.73,32.87,81.93,Cloudy,175,24380.65,381.21,7374,69.25,1,6.12,74.53,0,58.55,High
PJT_312,Road,New York,2020-10-31,2023-12-02,35003058,31020729.70,-3982328.30,755,1127.81,372.81,0.6004,2.9552,220.01,27.21,73.65,Sunny,132,7764.08,631.42,3100,90.22,5,8.29,79.20,0,66.26,High
PJT_313,Road,Houston,2020-11-01,2022-10-22,24982431,27924218.22,2941787.22,618,720.93,102.93,0.2073,1.2211,155.58,7.17,25.95,Snowy,272,18721.06,403.83,1322,72.31,0,5.15,93.17,0,91.13,Medium
PJT_314,Building,Houston,2020-11-02,2023-09-28,2492262,3715332.37,1223070.37,892,1060.94,168.94,0.8177,1.9515,307.64,34.46,27.00,Cloudy,136,27352.91,830.31,6563,50.00,4,4.27,71.80,0,86.26,High
PJT_315,Tunnel,Chicago,2020-11-03,2022-02-17,4189775,4371017.02,181242.02,399,471.30,72.30,1.1897,4.0230,331.06,42.69,70.24,Stormy,74,31633.91,346.03,9700,68.52,3,4.13,53.83,0,55.42,Medium
PJT_316,Building,New York,2020-11-04,2023-10-05,14426939,16148134.32,1721195.32,859,1065.17,206.17,0.5774,2.5768,352.20,20.12,81.66,Stormy,270,13394.25,549.28,8656,56.08,8,8.28,92.64,0,94.12,High
PJT_317,Tunnel,Chicago,2020-11-05,2022-03-18,10914911,10983053.51,68142.51,385,498.07,113.07,1.5182,3.8277,429.85,12.56,80.21,Snowy,212,14160.11,471.19,5702,78.76,4,7.18,61.81,0,23.50,High
PJT_318,Tunnel,Seattle,2020-11-06,2022-08-31,38569220,57635548.22,19066328.22,497,663.00,166.00,0.9018,4.5283,140.90,5.00,22.04,Sunny,218,29781.78,679.86,1691,97.83,7,8.04,52.77,1,38.25,High
PJT_319,Building,Houston,2020-11-07,2023-07-26,46075149,58853165.10,12778016.10,596,991.29,395.29,0.2716,4.7158,375.91,-2.27,27.84,Stormy,288,10428.92,697.80,9605,55.11,1,3.14,56.11,1,39.64,High
PJT_320,Bridge,New York,2020-11-08,2023-02-22,15630295,14751569.83,-878725.17,421,836.82,415.82,0.4328,4.8496,247.76,3.99,61.26,Rainy,186,21861.72,953.84,6185,72.74,7,7.14,98.17,1,94.33,High
PJT_321,Building,New York,2020-11-09,2023-05-09,2414266,3064931.05,650665.05,556,911.32,355.32,1.8199,0.1740,382.75,33.94,23.83,Cloudy,114,29872.76,378.34,6945,94.19,1,5.81,61.82,0,10.71,High
PJT_322,Road,Los Angeles,2020-11-10,2022-02-08,16801483,17529405.34,727922.34,488,455.83,-32.17,1.7329,0.8011,247.48,7.45,76.86,Rainy,252,6524.68,879.80,9055,68.27,6,9.34,66.64,1,92.67,High
PJT_323,Tunnel,Seattle,2020-11-11,2023-06-22,5453829,5883081.48,429252.48,895,953.31,58.31,1.2440,4.0671,382.00,14.93,21.91,Snowy,214,33871.66,667.14,3229,40.18,3,6.65,65.69,1,24.20,Medium
PJT_324,Bridge,Seattle,2020-11-12,2023-10-19,22434512,25653156.31,3218644.31,788,1071.45,283.45,1.7597,0.6675,128.07,22.62,42.93,Sunny,100,8797.95,430.84,7447,92.58,9,3.02,97.41,0,68.24,High
PJT_325,Dam,Houston,2020-11-13,2022-09-22,48060839,67462522.28,19401683.28,653,678.08,25.08,0.1946,3.0900,320.18,-1.79,87.06,Cloudy,292,30525.93,112.70,9615,66.11,7,8.45,74.71,0,28.28,High
PJT_326,Building,Los Angeles,2020-11-14,2023-01-31,29944629,42120699.76,12176070.76,686,808.50,122.50,1.2402,4.9760,177.34,27.25,49.28,Rainy,252,11567.43,361.17,5289,54.13,7,9.17,68.48,1,51.23,High
PJT_327,Tunnel,New York,2020-11-15,2022-10-13,47508023,52658394.62,5150371.62,316,697.87,381.87,0.5032,1.9175,240.48,22.85,25.11,Stormy,65,7345.07,937.96,8715,94.49,9,9.45,98.36,1,77.34,High
PJT_328,Tunnel,Houston,2020-11-16,2022-08-04,26564294,27802981.22,1238687.22,439,626.41,187.41,0.8499,1.8545,485.63,20.78,60.63,Sunny,93,27668.60,937.29,8669,47.92,5,7.39,71.65,0,38.19,High
PJT_329,Dam,New York,2020-11-17,2023-01-09,29862584,30874972.79,1012388.79,467,783.35,316.35,1.7662,3.0647,392.70,4.51,41.91,Cloudy,130,38159.12,542.15,3478,73.34,7,1.48,57.43,0,13.23,High
PJT_330,Building,Seattle,2020-11-18,2023-02-05,34212900,29988106.72,-4224793.28,658,809.31,151.31,0.7774,3.5451,268.34,17.11,79.21,Cloudy,81,20732.19,283.36,5654,50.84,2,7.75,91.13,0,69.68,High
PJT_331,Dam,Chicago,2020-11-19,2021-12-06,39304921,38022391.63,-1282529.37,184,382.79,198.79,1.8488,1.2308,274.15,-4.81,43.01,Sunny,224,49160.05,209.79,7120,75.42,1,8.53,57.69,1,84.76,High
PJT_332,Road,New York,2020-11-20,2024-04-22,40876372,52227907.97,11351535.97,823,1249.26,426.26,0.7259,0.2192,330.06,14.92,86.32,Stormy,83,14511.51,143.81,5635,59.39,0,7.69,77.36,0,18.33,High
PJT_333,Building,Seattle,2020-11-21,2023-03-27,27770884,25215196.20,-2555687.80,425,856.48,431.48,1.7195,0.8147,400.77,5.67,72.68,Cloudy,80,18434.60,820.99,6080,94.22,9,2.18,83.28,0,56.14,High
PJT_334,Road,New York,2020-11-22,2022-12-11,38786120,48103379.43,9317259.43,577,749.51,172.51,0.2714,2.1127,215.71,0.25,64.15,Snowy,60,28100.37,975.94,4673,78.86,2,9.38,76.36,1,17.56,High
PJT_335,Road,New York,2020-11-23,2022-09-15,33051956,34547742.61,1495786.61,261,661.82,400.82,1.9700,3.4216,185.18,3.68,49.94,Stormy,62,29794.74,925.57,9411,46.46,6,4.72,73.23,0,83.15,High
PJT_336,Building,Los Angeles,2020-11-24,2022-12-06,34785593,29935599.55,-4849993.45,779,742.34,-36.66,1.5070,2.3144,403.78,36.36,23.17,Rainy,274,36697.03,382.55,8454,85.44,7,6.61,63.25,0,88.42,High
PJT_337,Dam,Seattle,2020-11-25,2021-10-21,41537302,42308088.42,770786.42,369,330.46,-38.54,1.3795,2.1690,58.06,11.72,20.93,Rainy,167,36131.28,881.90,8974,58.17,9,4.25,83.69,0,45.55,High
PJT_338,Building,Houston,2020-11-26,2021-09-21,13804511,12738017.64,-1066493.36,308,299.61,-8.39,0.1302,4.8526,436.56,1.51,65.40,Cloudy,161,42894.04,872.37,9824,51.45,4,7.93,57.41,1,20.48,High
PJT_339,Dam,New York,2020-11-27,2023-03-22,31166526,38347202.43,7180676.43,676,845.89,169.89,0.4825,2.8472,425.23,-7.20,20.55,Rainy,300,23705.87,546.13,5764,42.22,6,5.37,79.55,0,71.08,High
PJT_340,Road,Seattle,2020-11-28,2022-02-13,29320245,35907395.12,6587150.12,242,442.00,200.00,1.1512,1.3392,341.74,38.90,28.19,Stormy,290,34078.09,503.49,8147,41.25,4,7.54,73.46,0,55.69,High
PJT_341,Bridge,Los Angeles,2020-11-29,2024-02-10,48996203,62569267.79,13573064.79,796,1168.33,372.33,0.3492,1.4670,370.12,42.79,78.32,Sunny,253,26254.62,973.85,3654,77.31,4,7.22,54.31,0,25.60,High
PJT_342,Dam,Chicago,2020-11-30,2022-09-17,28916237,42304037.01,13387800.01,683,656.48,-26.52,1.0381,1.1736,300.57,44.96,45.12,Sunny,141,35461.75,257.24,9248,41.92,1,4.04,55.70,0,60.58,High
PJT_343,Road,Los Angeles,2020-12-01,2023-04-13,4132397,5581057.04,1448660.04,528,863.99,335.99,1.1583,4.4816,434.03,38.05,62.30,Snowy,230,7268.99,951.64,8489,97.76,1,9.77,89.08,1,87.25,High
PJT_344,Tunnel,Chicago,2020-12-02,2022-01-16,12210287,15378270.08,3167983.08,222,410.87,188.87,1.7547,4.5549,120.66,6.07,50.91,Stormy,177,37964.84,189.36,6959,60.08,2,2.11,60.09,1,79.23,High
PJT_345,Tunnel,Seattle,2020-12-03,2023-01-07,34891501,33541903.57,-1349597.43,665,765.90,100.90,0.6054,3.5760,236.75,24.62,37.18,Stormy,157,40424.71,224.19,8025,64.80,6,9.08,97.59,1,71.40,High
PJT_346,Tunnel,New York,2020-12-04,2022-09-22,49159047,67547502.87,18388455.87,329,657.18,328.18,1.8929,0.4239,191.66,44.01,31.50,Snowy,150,39163.66,694.16,3473,94.15,0,9.80,99.00,1,88.82,High
PJT_347,Building,New York,2020-12-05,2023-08-12,48029247,58108029.75,10078782.75,591,980.46,389.46,0.6782,3.7135,459.15,-9.57,39.58,Stormy,206,46420.28,730.27,8310,78.63,8,6.62,80.91,0,41.07,High
PJT_348,Road,Seattle,2020-12-06,2022-03-03,37066551,39565592.73,2499041.73,488,452.67,-35.33,1.4777,3.7003,106.70,44.56,39.87,Snowy,180,29830.36,569.20,3621,41.41,8,6.33,62.07,0,75.39,High
PJT_349,Bridge,Houston,2020-12-07,2022-08-06,18431960,23178985.89,4747025.89,241,607.04,366.04,0.7735,0.2387,342.93,-3.14,40.86,Snowy,166,20254.11,312.49,9737,90.67,3,4.15,64.23,0,74.34,High
PJT_350,Dam,New York,2020-12-08,2023-09-26,8061659,8570353.92,508694.92,712,1022.88,310.88,1.2065,4.1142,212.57,-4.61,69.81,Rainy,70,9151.19,482.40,3130,68.58,7,1.70,83.84,0,60.31,High
PJT_351,Road,Los Angeles,2020-12-09,2023-07-29,29415382,44056378.15,14640996.15,778,962.38,184.38,1.4091,4.7391,379.27,12.93,31.40,Stormy,82,26814.40,511.94,9408,91.80,1,7.25,72.77,1,24.12,High
PJT_352,Bridge,Los Angeles,2020-12-09,2022-06-01,28422014,26197096.28,-2224917.72,301,539.85,238.85,0.8022,1.4480,285.25,-3.52,41.34,Sunny,127,18229.16,125.18,3340,48.53,9,4.80,96.84,0,35.51,High
PJT_353,Dam,New York,2020-12-10,2021-05-25,24397434,21809279.79,-2588154.21,182,166.83,-15.17,0.1849,2.4059,189.37,14.88,43.65,Rainy,171,42550.70,850.32,3175,85.72,8,6.73,88.08,0,23.41,High
PJT_354,Building,Houston,2020-12-11,2023-12-07,28489691,31387173.17,2897482.17,819,1091.19,272.19,1.8105,1.6950,70.62,26.87,51.02,Sunny,215,8983.85,249.05,1406,74.32,4,6.05,56.19,0,27.32,High
PJT_355,Bridge,Chicago,2020-12-12,2023-12-08,39268452,46695685.56,7427233.56,770,1091.54,321.54,1.5261,2.5132,58.40,26.20,57.23,Snowy,120,40404.07,320.76,8278,45.08,8,6.46,70.09,1,87.58,High
PJT_356,Tunnel,Los Angeles,2020-12-13,2022-09-16,2614433,3683138.61,1068705.61,627,642.67,15.67,0.7030,1.2859,101.59,-4.54,31.77,Cloudy,96,16499.95,180.67,6026,97.13,2,1.53,98.06,1,74.20,Medium
PJT_357,Building,New York,2020-12-14,2021-12-19,28704069,41059941.13,12355872.13,281,370.62,89.62,0.5901,4.7079,454.78,-7.15,36.77,Stormy,200,15642.10,557.76,9264,63.10,1,3.42,65.92,1,15.89,High
PJT_358,Tunnel,New York,2020-12-15,2023-05-05,2249757,2305897.05,56140.05,828,871.88,43.88,1.9306,3.3755,160.84,20.51,74.96,Sunny,195,23303.57,175.52,9199,52.21,2,4.36,99.27,0,58.38,Medium
PJT_359,Road,Chicago,2020-12-16,2022-07-23,32182271,47459979.89,15277708.89,642,584.15,-57.85,1.2794,3.2653,125.32,-6.69,84.53,Sunny,203,16290.00,712.00,6757,90.55,3,6.27,75.52,1,76.53,High
PJT_360,Bridge,Houston,2020-12-17,2022-03-16,47870797,44516730.91,-3354066.09,487,454.55,-32.45,0.3653,2.7824,175.76,13.76,62.73,Sunny,276,35694.54,408.37,5282,98.78,7,3.46,83.11,0,28.96,High
PJT_361,Bridge,Los Angeles,2020-12-18,2022-08-10,9974182,12669087.68,2694905.68,196,600.43,404.43,0.1039,2.3826,455.65,27.00,48.92,Rainy,245,22675.60,173.03,2270,72.32,7,7.05,67.65,0,84.47,High
PJT_362,Building,New York,2020-12-19,2022-12-14,47776900,71162119.54,23385219.54,361,725.75,364.75,0.3371,1.8524,136.85,-9.49,72.02,Sunny,224,46462.94,422.04,2474,88.98,4,8.28,61.06,0,97.06,High
PJT_363,Tunnel,Los Angeles,2020-12-20,2023-12-08,48443819,60260115.51,11816296.51,684,1083.39,399.39,0.1136,4.9213,337.30,-3.90,39.41,Stormy,176,12671.47,274.39,3875,43.92,2,7.71,56.37,1,86.99,High
PJT_364,Bridge,Los Angeles,2020-12-21,2023-01-05,2551389,3813735.60,1262346.60,376,745.26,369.26,1.4167,2.6647,163.81,20.81,51.77,Rainy,214,35289.49,685.03,6292,65.95,6,3.47,84.01,0,42.53,High
PJT_365,Tunnel,Seattle,2020-12-22,2021-10-13,29189888,34913052.53,5723164.53,228,295.30,67.30,0.7009,1.9593,200.62,38.41,76.54,Cloudy,300,36029.70,962.00,5095,51.81,5,3.80,81.30,1,53.20,High
PJT_366,Tunnel,Chicago,2020-12-23,2024-05-12,17804695,17994311.76,189616.76,821,1236.58,415.58,0.9998,4.7940,424.63,35.19,56.38,Cloudy,291,8280.99,639.97,8184,85.85,7,6.21,54.28,1,13.00,High
PJT_367,Building,Houston,2020-12-24,2021-09-12,30656642,27149912.71,-3506729.29,310,262.86,-47.14,1.2604,2.1592,95.82,-6.93,23.65,Rainy,152,9312.36,776.77,4819,91.87,9,1.10,69.20,0,89.19,High
PJT_368,Bridge,Houston,2020-12-25,2023-02-24,46350566,62985966.73,16635400.73,527,791.99,264.99,0.9627,1.6410,136.62,-4.35,61.66,Snowy,201,40523.74,274.25,3064,78.24,4,4.20,74.07,0,26.73,High
PJT_369,Dam,Houston,2020-12-26,2021-08-11,40226627,45588888.00,5362261.00,241,228.67,-12.33,1.9235,3.7719,190.03,38.69,74.28,Cloudy,170,18890.35,408.61,7042,98.22,8,6.28,83.92,1,55.64,High
PJT_370,Bridge,Houston,2020-12-27,2022-12-11,14446730,18294769.89,3848039.89,612,714.22,102.22,0.4824,0.3420,135.21,16.16,68.43,Rainy,203,36158.62,866.81,6499,76.97,6,3.96,55.24,0,91.95,High
PJT_371,Road,Seattle,2020-12-28,2022-03-14,47521244,47505947.23,-15296.77,183,441.55,258.55,1.2854,1.1951,380.56,42.39,43.21,Rainy,102,23014.07,843.48,1110,61.77,1,4.22,77.73,1,49.64,High
PJT_372,Bridge,Los Angeles,2020-12-29,2022-10-20,14362909,14055345.20,-307563.80,224,660.91,436.91,0.4309,4.4269,373.48,8.69,58.82,Cloudy,100,5967.14,858.59,2657,41.26,2,4.41,89.37,1,94.25,High
PJT_373,Building,New York,2020-12-30,2022-06-23,25988002,33254004.76,7266002.76,425,540.91,115.91,1.8882,4.8855,498.96,38.49,81.49,Snowy,80,11499.45,931.74,4107,51.50,6,7.25,65.90,1,67.25,High
PJT_374,Tunnel,Chicago,2020-12-31,2023-03-12,36934672,38457074.30,1522402.30,781,801.22,20.22,0.3823,1.2359,333.26,5.40,28.85,Stormy,297,31283.70,540.09,2333,87.08,9,1.58,75.43,0,68.06,High
PJT_375,Bridge,Los Angeles,2021-01-01,2023-06-05,13012387,13782525.60,770138.60,690,885.01,195.01,0.8104,3.4725,372.04,17.21,38.78,Rainy,213,46453.34,625.58,1599,52.43,3,5.07,61.72,1,48.25,High
PJT_376,Road,Chicago,2021-01-02,2023-01-27,26105919,26509099.00,403180.00,340,755.81,415.81,0.2610,3.7581,182.77,18.54,36.11,Snowy,169,28051.79,402.74,8391,68.05,6,4.31,74.88,0,12.22,High
PJT_377,Road,Seattle,2021-01-03,2022-12-17,25098318,36040163.17,10941845.17,451,713.04,262.04,0.6596,2.5088,295.99,-5.70,39.35,Cloudy,75,10336.45,424.21,9946,52.02,3,7.08,62.50,0,79.16,High
PJT_378,Building,Seattle,2021-01-04,2024-06-03,49062385,65296326.22,16233941.22,798,1246.94,448.94,1.8335,0.0427,184.76,35.23,74.82,Rainy,292,23259.13,621.96,1194,68.32,8,9.90,97.57,1,30.48,High
PJT_379,Dam,New York,2021-01-05,2022-09-09,38085381,51127866.14,13042485.14,419,612.39,193.39,1.4728,2.3070,406.36,7.22,33.15,Rainy,103,24740.64,867.65,1493,62.48,9,8.86,65.28,1,54.98,High
PJT_380,Building,Los Angeles,2021-01-06,2022-07-12,47020762,62970534.53,15949772.53,410,552.15,142.15,1.5494,3.4526,184.84,22.28,59.73,Snowy,286,11261.06,979.52,6410,74.09,9,9.22,78.69,1,44.32,High
PJT_381,Road,Houston,2021-01-07,2023-05-08,32861789,30253053.63,-2608735.37,727,851.81,124.81,1.1821,2.2577,452.63,-4.87,27.30,Stormy,95,6442.66,720.12,9005,41.61,3,1.63,98.15,0,30.97,Medium
PJT_382,Bridge,Houston,2021-01-08,2022-08-26,35798072,30685413.11,-5112658.89,645,595.45,-49.55,0.7209,4.5491,226.00,44.43,29.04,Rainy,172,38441.42,450.09,4382,47.80,3,3.79,90.89,1,24.29,Low
PJT_383,Bridge,Los Angeles,2021-01-09,2023-03-28,49101757,63593814.24,14492057.24,781,808.58,27.58,0.6233,0.0372,114.21,-6.48,47.95,Cloudy,184,19800.12,612.31,9043,67.61,9,1.35,54.56,0,92.70,High
PJT_384,Building,Los Angeles,2021-01-10,2023-04-14,12752526,14280078.31,1527552.31,580,824.90,244.90,0.4412,3.0887,244.43,11.16,66.14,Stormy,74,22709.81,951.12,4927,93.13,2,3.46,81.40,0,92.47,High
PJT_385,Dam,New York,2021-01-11,2023-11-23,38099383,35386703.35,-2712679.65,601,1046.97,445.97,0.8006,3.7770,276.98,32.87,48.71,Cloudy,114,14331.74,140.17,1437,44.39,7,4.43,87.30,0,45.70,High
PJT_386,Tunnel,Los Angeles,2021-01-12,2022-08-27,10159056,10795233.72,636177.72,297,592.82,295.82,1.5225,2.4238,80.71,20.16,36.96,Rainy,85,26185.45,351.23,3643,50.24,0,6.46,58.86,1,76.73,High
PJT_387,Dam,Houston,2021-01-13,2024-04-18,46458413,47741314.32,1282901.32,867,1191.70,324.70,0.9373,0.8897,371.49,39.10,57.26,Rainy,228,7149.02,671.31,9566,78.46,1,4.52,65.42,1,10.42,High
PJT_388,Road,Seattle,2021-01-14,2022-07-21,17008170,16667848.41,-340321.59,435,553.56,118.56,0.1305,0.1397,56.55,35.13,67.60,Snowy,106,48143.54,186.94,3750,83.44,0,4.74,55.38,0,60.58,Medium
PJT_389,Dam,Chicago,2021-01-15,2023-04-02,27512290,40176199.79,12663909.79,392,807.19,415.19,0.3295,1.0689,210.46,-0.45,48.15,Sunny,53,22513.40,512.90,2081,79.48,4,6.85,68.45,1,29.67,High
PJT_390,Building,Chicago,2021-01-16,2024-02-22,7832594,10285333.38,2452739.38,691,1132.04,441.04,1.6034,4.6111,306.14,3.86,26.63,Sunny,211,36334.19,710.11,3177,59.92,5,9.80,83.32,1,11.59,High
PJT_391,Bridge,New York,2021-01-17,2023-02-17,16597809,19539322.98,2941513.98,571,761.84,190.84,1.4388,0.0665,59.55,31.74,28.68,Cloudy,238,24282.40,319.19,2300,43.60,5,5.49,60.10,0,67.78,High
PJT_392,Dam,Chicago,2021-01-18,2023-08-21,23058002,21611655.57,-1446346.43,634,945.81,311.81,0.7033,3.9349,67.82,33.55,49.04,Sunny,242,6066.20,862.24,6427,60.56,3,5.85,95.33,0,32.35,High
PJT_393,Dam,Chicago,2021-01-19,2023-02-24,13317528,15149148.60,1831620.60,570,766.38,196.38,0.1115,4.3493,81.49,0.59,64.41,Cloudy,290,14189.90,182.58,9992,89.87,3,3.13,53.91,1,38.03,High
PJT_394,Dam,Seattle,2021-01-20,2022-10-09,17708055,18540607.35,832552.35,614,627.51,13.51,1.1952,4.8386,140.63,37.43,53.68,Sunny,151,21997.29,523.64,7925,70.32,6,7.84,90.98,1,11.78,High
PJT_395,Road,New York,2021-01-21,2022-08-31,21148198,26157554.43,5009356.43,265,587.19,322.19,0.3903,3.6332,165.78,15.50,51.75,Rainy,193,32271.14,164.75,3238,82.89,3,2.39,59.48,1,55.06,High
PJT_396,Building,New York,2021-01-22,2023-10-23,27484492,40699591.32,13215099.32,594,1004.62,410.62,0.8090,2.4478,338.47,22.36,48.62,Snowy,285,10601.49,938.92,3660,51.65,6,9.61,88.56,1,41.37,High
PJT_397,Road,Los Angeles,2021-01-23,2023-05-16,26859270,39006030.83,12146760.83,893,843.58,-49.42,1.4978,1.2118,65.53,34.72,64.17,Snowy,228,34955.40,233.10,8462,96.66,2,3.29,80.11,0,85.74,High
PJT_398,Tunnel,Houston,2021-01-24,2022-07-13,26793139,29699752.47,2906613.47,274,535.53,261.53,1.2137,4.5050,283.34,0.39,49.61,Rainy,114,36132.66,550.58,9735,79.51,6,6.27,86.70,1,93.19,High
PJT_399,Tunnel,Houston,2021-01-25,2023-12-15,24111810,33256170.88,9144360.88,831,1054.48,223.48,0.6111,1.0476,386.73,28.45,20.45,Cloudy,258,27127.55,187.18,7845,71.50,4,7.60,58.53,0,73.36,High
PJT_400,Dam,New York,2021-01-26,2022-08-01,8397963,9598279.73,1200316.73,366,552.39,186.39,1.6473,0.9282,76.54,0.05,73.14,Sunny,280,44222.70,496.66,2789,92.10,2,1.72,54.29,1,15.78,High
PJT_401,Tunnel,Chicago,2021-01-27,2022-09-12,46151151,62043153.84,15892002.84,420,593.29,173.29,0.1181,1.3304,479.85,26.59,75.24,Snowy,74,14498.08,812.61,7154,76.18,4,9.39,73.66,1,48.65,High
PJT_402,Building,Los Angeles,2021-01-27,2023-05-31,25240434,32365830.87,7125396.87,502,854.93,352.93,0.8190,0.2862,210.21,8.16,27.01,Rainy,272,36423.87,752.70,3275,41.54,1,8.82,63.97,1,83.35,High
PJT_403,Building,New York,2021-01-28,2024-01-29,32890093,38964699.16,6074606.16,813,1096.68,283.68,1.3544,0.0156,337.13,41.81,42.55,Sunny,273,7058.94,826.80,6333,80.68,3,6.46,70.01,0,17.32,High
PJT_404,Road,New York,2021-01-29,2024-06-10,7741469,10275101.10,2533632.10,854,1228.26,374.26,0.6583,0.9754,114.42,18.60,60.03,Stormy,58,10753.76,817.14,5937,89.94,8,9.88,73.34,1,95.95,High
PJT_405,Road,Chicago,2021-01-30,2022-05-19,12437565,16661537.92,4223972.92,426,474.98,48.98,1.3535,0.4472,245.70,29.37,31.22,Sunny,281,22257.04,352.32,5220,79.96,1,6.99,96.14,0,54.28,Medium
PJT_406,Building,Seattle,2021-01-31,2024-01-31,41310913,36850721.14,-4460191.86,769,1095.16,326.16,0.7521,4.5508,384.34,29.88,65.77,Stormy,297,43526.35,827.60,4662,55.55,4,1.79,54.46,1,94.35,High
PJT_407,Tunnel,Chicago,2021-02-01,2022-07-29,22030058,32387370.86,10357312.86,556,543.53,-12.47,1.1961,0.0084,77.85,19.46,79.30,Rainy,131,39707.64,817.77,3069,71.19,9,6.32,55.33,1,86.71,High
PJT_408,Building,Seattle,2021-02-02,2023-05-29,34543202,44629388.63,10086186.63,483,846.72,363.72,0.3801,1.4170,386.18,36.70,77.94,Snowy,203,19406.27,552.14,3022,56.41,9,5.30,91.43,0,73.37,High
PJT_409,Road,Houston,2021-02-03,2022-07-09,49101372,48458070.65,-643301.35,521,521.93,0.93,1.4921,4.0521,365.18,-7.11,80.58,Cloudy,269,26937.71,452.63,3608,99.46,8,4.53,71.12,0,41.35,High
PJT_410,Road,New York,2021-02-04,2022-05-02,19994484,20665032.09,670548.09,253,452.76,199.76,1.8538,3.5055,296.60,-4.65,42.64,Stormy,271,41228.23,864.83,5981,67.45,2,6.19,72.09,0,90.75,High
PJT_411,Dam,Seattle,2021-02-05,2022-12-26,1612872,1750686.68,137814.68,380,689.72,309.72,1.7267,0.5097,403.47,37.21,46.36,Rainy,223,42874.70,933.39,2573,61.34,7,2.62,52.62,0,68.51,High
PJT_412,Bridge,New York,2021-02-06,2022-09-13,28111578,28371628.43,260050.43,332,584.30,252.30,0.3257,1.9832,186.21,22.79,32.07,Rainy,248,36130.77,815.79,2468,86.66,6,3.48,82.66,0,20.80,High
PJT_413,Tunnel,Houston,2021-02-07,2023-09-04,35208642,35075122.94,-133519.06,680,939.95,259.95,1.2150,4.9367,265.77,28.15,26.62,Stormy,96,22278.19,999.96,8105,57.90,2,1.89,53.17,1,81.57,High
PJT_414,Dam,New York,2021-02-08,2023-05-16,38316565,52928619.56,14612054.56,897,827.47,-69.53,1.5886,2.6504,78.77,36.04,57.73,Snowy,242,38884.47,969.11,2922,50.84,9,7.26,50.27,0,38.29,High
PJT_415,Tunnel,Seattle,2021-02-09,2023-04-17,11818637,10720491.84,-1098145.16,768,797.30,29.30,0.5878,3.7653,88.07,-3.14,40.90,Stormy,93,24037.31,950.71,1001,54.90,0,9.52,75.97,1,69.32,High
PJT_416,Road,Seattle,2021-02-10,2023-09-17,22000782,26175057.89,4174275.89,770,949.93,179.93,1.9734,1.7606,292.19,1.54,26.93,Snowy,110,6653.03,227.50,4526,97.45,9,5.97,79.59,0,75.62,High
PJT_417,Road,Houston,2021-02-11,2023-04-20,26620977,33871195.06,7250218.06,743,798.13,55.13,0.4103,2.2803,475.13,27.21,85.81,Cloudy,187,14169.33,666.61,5413,99.72,3,7.43,78.18,0,56.03,High
PJT_418,Dam,New York,2021-02-12,2022-04-12,30100224,32999243.87,2899019.87,337,424.67,87.67,1.9316,1.2375,171.56,19.23,67.88,Rainy,66,19821.09,180.08,6464,86.68,2,8.82,61.29,1,43.94,High
PJT_419,Dam,New York,2021-02-13,2022-10-27,9288179,8955898.04,-332280.96,287,621.85,334.85,1.4838,1.5327,419.60,16.93,57.03,Stormy,271,17689.85,343.95,2623,93.79,2,3.86,87.59,1,82.55,High
PJT_420,Bridge,Chicago,2021-02-14,2024-05-04,28021468,32503788.04,4482320.04,788,1175.47,387.47,0.3424,0.0475,281.10,-1.45,28.85,Rainy,195,38094.01,147.58,7064,82.45,3,7.10,70.91,0,49.51,High
PJT_421,Building,New York,2021-02-15,2023-03-23,29706828,35303194.28,5596366.28,694,766.01,72.01,1.4651,4.6191,152.94,24.96,26.09,Sunny,154,39676.03,860.72,2302,44.60,3,9.50,58.26,1,76.91,High
PJT_422,Bridge,New York,2021-02-16,2022-10-28,29453059,37996551.74,8543492.74,190,619.95,429.95,1.8716,0.6821,274.01,27.68,67.37,Stormy,228,10611.12,112.51,4115,94.65,0,7.43,85.13,0,31.98,High
PJT_423,Bridge,Chicago,2021-02-17,2022-05-27,12310013,15860705.88,3550692.88,223,464.91,241.91,1.7757,2.6176,151.28,-5.87,78.76,Stormy,140,47861.76,480.45,7211,50.23,1,4.04,83.95,0,86.57,High
PJT_424,Tunnel,Los Angeles,2021-02-18,2022-12-12,18767124,18551168.15,-215955.85,486,662.06,176.06,1.5022,2.8442,147.86,6.77,85.32,Stormy,261,45203.80,941.87,8999,43.45,0,6.54,66.43,0,10.46,High
PJT_425,Dam,New York,2021-02-19,2022-06-01,29910754,34990496.68,5079742.68,543,467.70,-75.30,0.2610,2.5716,119.17,-3.19,54.12,Cloudy,246,34548.51,303.49,7477,62.46,5,4.86,59.11,0,19.78,High
PJT_426,Road,New York,2021-02-20,2022-01-25,30122573,25717949.23,-4404623.77,345,339.13,-5.87,1.7788,3.5461,99.80,5.67,29.36,Rainy,240,19904.61,128.45,4260,96.90,4,2.07,74.45,0,71.36,Low
PJT_427,Dam,Los Angeles,2021-02-21,2023-04-06,27095181,25345414.46,-1749766.54,589,774.99,185.99,1.9196,3.9636,106.76,8.93,20.96,Cloudy,63,35523.96,407.93,1131,66.06,4,3.54,54.13,0,65.59,High
PJT_428,Bridge,Seattle,2021-02-22,2022-07-11,8718860,12308488.11,3589628.11,435,504.00,69.00,1.9891,1.2368,419.27,0.91,69.45,Snowy,229,37870.55,649.99,4091,99.55,9,6.66,57.44,1,46.12,High
PJT_429,Building,Seattle,2021-02-23,2022-06-12,42370424,41513197.05,-857226.95,329,474.94,145.94,1.7423,1.9018,286.24,28.51,88.61,Cloudy,136,24173.41,155.21,7997,78.63,4,1.99,68.18,0,74.04,Medium
PJT_430,Dam,Los Angeles,2021-02-24,2021-10-26,1035965,915673.83,-120291.17,228,244.33,16.33,1.5150,1.0599,262.43,39.97,27.05,Cloudy,114,47674.77,427.22,5986,46.69,0,7.15,88.52,1,42.45,High
PJT_431,Building,Chicago,2021-02-25,2023-10-14,16988835,21621034.93,4632199.93,721,961.50,240.50,0.4991,1.9202,449.24,-2.82,71.98,Snowy,60,31395.27,920.96,4120,51.58,7,9.33,53.74,1,40.86,High
PJT_432,Road,Seattle,2021-02-26,2023-12-21,3940113,3676483.05,-263629.95,726,1028.01,302.01,0.8946,3.5580,451.21,31.76,79.23,Stormy,299,20630.28,429.41,2923,94.65,1,5.35,76.19,0,81.18,High
PJT_433,Dam,Chicago,2021-02-27,2023-03-18,9652630,10022100.16,369470.16,460,749.25,289.25,1.9160,0.3040,487.61,0.46,77.02,Rainy,225,28961.14,562.14,2228,49.93,8,4.46,88.97,0,34.43,High
PJT_434,Dam,Houston,2021-02-28,2022-09-17,40736014,53073695.36,12337681.36,343,566.11,223.11,1.7704,3.9532,254.95,28.93,56.76,Sunny,268,14915.13,737.43,2951,50.27,0,5.80,64.59,0,94.78,High
PJT_435,Building,Seattle,2021-03-01,2023-06-17,4457446,5650118.28,1192672.28,456,838.89,382.89,0.5731,4.1171,290.57,-9.92,44.32,Stormy,298,21609.96,174.92,9999,55.84,2,4.68,80.57,0,15.15,High
PJT_436,Tunnel,Los Angeles,2021-03-02,2023-02-11,19769665,19075312.96,-694352.04,404,711.15,307.15,1.9460,2.6869,490.44,32.80,74.64,Snowy,234,38559.64,443.78,5216,92.20,9,5.96,90.84,0,34.19,High
PJT_437,Bridge,New York,2021-03-03,2022-07-11,49976847,66073688.77,16096841.77,339,495.41,156.41,0.8004,4.5108,92.16,-0.02,32.95,Cloudy,98,30634.61,949.02,3955,78.85,0,3.79,94.26,1,71.86,High
PJT_438,Dam,Houston,2021-03-04,2021-12-13,17458706,20003586.57,2544880.57,326,284.19,-41.81,1.3257,2.0125,375.94,-2.45,72.53,Snowy,204,9487.85,445.59,2802,89.59,0,2.19,88.51,0,94.47,Medium
PJT_439,Bridge,Houston,2021-03-05,2022-11-11,8136285,9784213.12,1647928.12,189,616.54,427.54,1.6547,4.2636,88.23,-2.34,73.18,Rainy,258,12341.50,398.58,3531,54.63,8,7.23,81.37,1,84.24,High
PJT_440,Tunnel,Chicago,2021-03-06,2022-06-06,28869282,27200428.69,-1668853.31,483,457.36,-25.64,1.8331,0.1200,242.21,-1.89,65.88,Cloudy,285,44554.55,446.27,2841,69.51,1,3.02,97.82,0,16.87,Low
PJT_441,Building,Houston,2021-03-07,2023-10-21,6691120,9582561.84,2891441.84,549,958.36,409.36,1.2486,0.8903,288.72,22.98,67.56,Cloudy,278,35027.30,371.41,5702,60.90,1,3.44,74.96,0,33.89,High
PJT_442,Tunnel,Houston,2021-03-08,2023-01-01,10837427,11467801.14,630374.14,332,664.23,332.23,0.8421,3.6067,403.50,16.31,24.71,Stormy,159,48181.34,350.63,2481,59.38,2,2.64,69.25,0,48.14,High
PJT_443,Road,Chicago,2021-03-09,2023-09-22,44886124,65041932.18,20155808.18,831,927.74,96.74,0.8281,2.7467,292.44,17.09,57.53,Cloudy,148,8762.80,743.43,9633,74.67,3,7.33,61.76,1,99.45,High
PJT_444,Tunnel,Los Angeles,2021-03-10,2023-09-18,9965252,14435541.13,4470289.13,751,922.18,171.18,0.2132,1.7467,431.94,37.67,77.33,Sunny,167,11486.31,867.98,7898,54.55,3,1.50,56.89,0,73.36,High
PJT_445,Road,Houston,2021-03-11,2024-10-24,25943306,22963825.60,-2979480.40,892,1323.40,431.40,0.3014,2.9080,264.57,22.67,31.07,Cloudy,143,11357.49,320.54,1204,74.15,6,2.35,59.12,0,77.33,High
PJT_446,Building,New York,2021-03-12,2023-09-01,30794566,41816187.22,11021621.22,601,903.96,302.96,1.4210,1.4338,120.15,38.46,22.25,Cloudy,178,12215.70,456.75,7940,80.79,7,5.99,91.48,0,55.17,High
PJT_447,Dam,New York,2021-03-13,2022-04-21,7169755,8524664.32,1354909.32,340,404.07,64.07,1.9581,0.6257,145.34,24.05,35.32,Cloudy,260,38569.81,603.36,2264,88.99,7,5.30,82.63,0,44.24,High
PJT_448,Tunnel,Los Angeles,2021-03-14,2023-11-25,19113995,17593678.80,-1520316.20,842,986.84,144.84,0.2478,3.0160,430.97,-8.46,39.75,Stormy,77,7939.36,637.40,6064,51.26,3,6.75,51.62,0,97.90,Medium
PJT_449,Bridge,Houston,2021-03-15,2024-06-26,33467737,29441313.83,-4026423.17,757,1199.84,442.84,0.6977,4.7175,53.82,9.62,39.77,Rainy,178,13769.77,776.66,6830,98.43,1,3.98,94.83,1,55.20,High
PJT_450,Dam,Houston,2021-03-16,2024-04-11,33007776,40636956.75,7629180.75,781,1122.92,341.92,1.7189,1.4506,118.19,15.47,81.96,Snowy,293,37330.82,895.96,3307,86.13,2,9.94,75.08,1,64.79,High
PJT_451,Bridge,Los Angeles,2021-03-17,2023-11-16,23751294,24678711.57,927417.57,638,974.24,336.24,1.2846,4.7007,68.01,29.20,67.80,Cloudy,103,49865.43,646.19,3496,74.01,7,1.88,50.75,1,37.86,High
PJT_452,Tunnel,New York,2021-03-17,2022-05-28,12389557,18053274.25,5663717.25,276,437.05,161.05,0.4068,1.4006,213.50,-5.09,32.54,Rainy,116,49376.45,980.64,8242,79.02,2,9.46,98.58,1,42.71,High
PJT_453,Building,New York,2021-03-18,2023-11-15,46673271,43585355.96,-3087915.04,598,972.21,374.21,0.7968,4.2242,478.42,10.55,67.75,Stormy,165,16827.23,887.98,1699,77.24,0,7.67,62.24,1,10.71,High
PJT_454,Tunnel,Los Angeles,2021-03-19,2022-10-07,27795255,39052026.80,11256771.80,564,567.85,3.85,0.5238,4.3708,351.12,9.19,52.79,Stormy,280,41823.04,198.21,3953,83.91,6,7.91,59.97,1,38.56,High
PJT_455,Bridge,New York,2021-03-20,2023-02-07,32958547,30463986.51,-2494560.49,397,689.21,292.21,0.9637,2.7254,476.84,-2.00,34.94,Stormy,58,49451.48,796.78,2022,96.19,5,8.11,98.93,1,29.03,High
PJT_456,Tunnel,New York,2021-03-21,2022-08-12,12818248,11591981.77,-1226266.23,456,509.60,53.60,0.2316,2.0253,184.25,29.17,80.99,Stormy,104,35134.00,333.50,1880,45.55,6,4.08,87.66,1,41.43,High
PJT_457,Road,New York,2021-03-22,2023-08-08,11783666,17411938.36,5628272.36,666,869.82,203.82,0.9299,4.5630,306.64,35.27,59.26,Stormy,100,8501.39,701.17,3369,59.42,5,1.13,94.83,1,54.95,High
PJT_458,Building,Houston,2021-03-23,2023-12-23,35943028,47426319.54,11483291.54,870,1005.38,135.38,1.9777,4.7166,435.77,24.89,64.72,Stormy,74,6641.87,771.14,4074,65.21,8,7.97,80.05,1,28.88,High
PJT_459,Dam,Chicago,2021-03-24,2022-01-28,25413832,21869220.62,-3544611.38,194,310.24,116.24,1.8036,2.5104,440.49,28.46,65.42,Rainy,155,23467.41,416.99,9887,65.55,5,2.02,58.79,0,25.92,Medium
PJT_460,Bridge,Seattle,2021-03-25,2023-08-28,20127900,28165162.60,8037262.60,735,886.01,151.01,1.4082,2.1875,177.46,24.12,84.76,Snowy,72,41267.29,193.43,1269,76.98,6,1.93,87.50,0,59.03,High
PJT_461,Road,Chicago,2021-03-26,2024-04-21,45809268,47570079.99,1760811.99,775,1122.11,347.11,0.8992,1.1144,254.58,10.96,33.69,Rainy,293,10599.83,970.85,8601,64.78,6,1.07,68.73,0,35.52,High
PJT_462,Building,Los Angeles,2021-03-27,2023-08-24,1279008,1835532.15,556524.15,604,880.85,276.85,0.8877,0.0777,119.02,10.59,77.17,Stormy,131,20079.05,963.24,8045,54.51,6,2.73,82.22,0,82.12,High
PJT_463,Bridge,New York,2021-03-28,2023-03-26,27200085,40399773.87,13199688.87,311,728.88,417.88,0.4301,4.5209,282.77,14.06,26.97,Cloudy,179,10326.77,619.24,7422,90.58,4,8.54,57.95,1,18.39,High
PJT_464,Tunnel,New York,2021-03-29,2022-06-16,40814896,38752992.68,-2061903.32,191,444.31,253.31,1.2744,2.7184,487.58,21.45,21.77,Cloudy,166,33550.84,799.83,4056,54.38,3,3.67,76.77,0,80.20,High
PJT_465,Road,Los Angeles,2021-03-30,2023-06-10,6567577,9573782.46,3006205.46,855,802.43,-52.57,1.2921,3.1919,310.71,-4.31,52.14,Stormy,81,9818.45,354.22,3959,45.57,7,8.60,95.64,1,19.06,High
PJT_466,Tunnel,New York,2021-03-31,2022-06-06,42988859,38672917.07,-4315941.93,255,432.85,177.85,1.4059,1.8763,191.11,39.96,76.60,Cloudy,126,5456.31,260.81,1515,47.03,5,9.94,74.20,1,59.18,High
PJT_467,Dam,Chicago,2021-04-01,2023-07-31,13941626,17342992.42,3401366.42,440,851.09,411.09,1.1183,2.5900,392.43,1.90,45.54,Cloudy,57,19739.29,297.79,3073,56.06,7,2.79,54.60,0,68.67,High
PJT_468,Road,New York,2021-04-02,2023-06-28,27839663,40354322.70,12514659.70,626,817.71,191.71,0.5752,0.9894,430.72,29.46,87.33,Snowy,199,40691.90,628.82,3714,87.65,7,4.90,72.31,0,34.45,High
PJT_469,Building,Chicago,2021-04-03,2022-09-16,29810706,29209081.34,-601624.66,290,531.87,241.87,0.7705,4.4895,418.70,14.72,82.26,Stormy,114,31409.12,364.13,9691,61.14,0,2.03,90.45,1,26.73,High
PJT_470,Dam,Houston,2021-04-04,2023-02-01,25962100,24515382.47,-1446717.53,400,668.19,268.19,0.6975,0.0482,359.73,29.42,34.96,Stormy,253,19470.26,309.38,2085,63.14,9,2.91,60.87,0,74.46,High
PJT_471,Tunnel,Chicago,2021-04-05,2023-12-15,30206151,31914584.97,1708433.97,841,984.53,143.53,0.7082,0.9856,411.23,17.43,89.32,Rainy,80,10584.17,254.03,6355,75.47,3,6.19,64.25,0,87.05,Medium
PJT_472,Tunnel,New York,2021-04-06,2022-07-10,28032174,24501671.01,-3530502.99,471,460.46,-10.54,1.1136,2.6376,201.83,-9.11,52.89,Rainy,235,18544.92,385.47,6665,64.02,8,7.97,74.69,1,36.86,High
PJT_473,Road,New York,2021-04-07,2024-09-26,9147884,12788734.22,3640850.22,836,1268.59,432.59,1.8816,0.5137,150.81,35.40,29.71,Sunny,270,35941.95,492.11,3788,45.28,5,8.35,76.88,1,71.94,High
PJT_474,Tunnel,Los Angeles,2021-04-08,2021-10-27,21420562,19252317.32,-2168244.68,224,202.73,-21.27,0.7257,3.0638,415.62,4.85,31.92,Cloudy,199,25731.22,213.66,3424,85.18,6,6.73,83.41,0,31.65,High
PJT_475,Road,New York,2021-04-09,2022-10-18,33393872,33286672.23,-107199.77,467,557.61,90.61,0.6012,1.4812,87.26,20.72,81.10,Cloudy,227,8510.75,974.59,1987,52.75,3,5.21,69.25,0,40.64,Medium
PJT_476,Bridge,Chicago,2021-04-10,2024-03-25,21926250,28735074.96,6808824.96,706,1080.98,374.98,1.3450,4.2390,97.55,-2.85,84.17,Rainy,299,25359.44,658.43,4326,86.80,3,1.62,71.15,1,95.63,High
PJT_477,Bridge,Houston,2021-04-11,2022-08-18,8192284,10930693.34,2738409.34,330,494.31,164.31,0.5571,4.4705,134.16,-8.43,66.33,Rainy,140,16951.04,934.23,2377,61.27,3,2.36,75.11,1,14.78,High
PJT_478,Building,Los Angeles,2021-04-12,2021-11-24,26670652,35359978.32,8689326.32,280,226.04,-53.96,0.9029,1.4700,231.21,22.67,57.07,Rainy,182,24510.44,713.04,5078,97.54,3,2.04,94.75,0,31.49,High
PJT_479,Bridge,Houston,2021-04-13,2022-08-28,42622309,55608601.16,12986292.16,462,502.03,40.03,0.8687,1.9644,148.95,35.32,68.42,Rainy,102,12696.31,283.22,5718,82.35,4,7.60,54.71,0,73.04,High
PJT_480,Road,Los Angeles,2021-04-14,2023-10-31,22146841,28634483.78,6487642.78,884,930.47,46.47,0.4166,1.6608,254.85,42.92,66.62,Rainy,135,5937.21,976.93,2261,50.24,0,6.35,98.48,0,53.95,High
PJT_481,Dam,New York,2021-04-15,2021-12-06,2167078,2641068.61,473990.61,292,235.94,-56.06,1.9818,4.1768,286.37,-0.80,30.26,Snowy,75,18707.10,762.57,8415,69.44,5,9.91,62.87,1,42.79,High
PJT_482,Tunnel,Los Angeles,2021-04-16,2023-06-09,35751053,48386979.97,12635926.97,488,784.38,296.38,1.7282,4.5108,318.08,-3.80,68.00,Snowy,87,49038.68,870.64,3320,61.43,0,3.20,87.05,1,42.35,High
PJT_483,Tunnel,Seattle,2021-04-17,2023-07-20,19382720,27526246.21,8143526.21,566,824.53,258.53,1.3897,4.4961,252.17,42.71,56.88,Sunny,283,35557.99,899.20,7406,75.35,4,3.78,52.05,1,40.89,High
PJT_484,Bridge,Houston,2021-04-18,2023-12-08,39028071,57734204.87,18706133.87,623,964.53,341.53,1.6054,1.4420,486.26,17.44,67.99,Rainy,224,11760.25,970.00,3664,58.22,4,1.58,64.74,0,29.56,High
PJT_485,Bridge,Houston,2021-04-19,2022-06-05,1341600,1515618.72,174018.72,234,412.83,178.83,1.3545,0.0032,163.15,9.26,39.83,Stormy,220,48133.59,604.67,2409,82.79,2,9.96,59.84,1,17.26,High
PJT_486,Dam,Houston,2021-04-20,2024-04-02,17691887,24372536.51,6680649.51,664,1078.46,414.46,1.3104,2.1128,485.11,-4.60,38.29,Sunny,202,18983.11,607.52,6283,88.26,2,7.15,59.98,1,59.89,High
PJT_487,Building,Los Angeles,2021-04-21,2022-03-31,43165762,49629849.92,6464087.92,267,344.59,77.59,0.4484,3.9120,425.23,-4.72,56.86,Sunny,178,47069.59,741.34,8673,61.25,7,4.78,70.51,1,60.30,High
PJT_488,Road,Houston,2021-04-22,2022-11-12,21293048,28986457.28,7693409.28,323,569.06,246.06,1.2026,1.8656,329.40,39.50,81.45,Snowy,243,43029.83,213.34,1097,67.77,8,5.14,52.72,1,84.69,High
PJT_489,Tunnel,Los Angeles,2021-04-23,2023-05-22,20500287,24959882.74,4459595.74,788,759.62,-28.38,1.4121,4.3216,104.65,22.15,55.76,Snowy,229,14227.90,229.74,9115,48.18,2,3.71,65.54,1,10.58,Medium
PJT_490,Road,Chicago,2021-04-24,2023-10-21,5505827,4680080.75,-825746.25,884,910.37,26.37,1.2472,0.6052,93.59,1.24,53.16,Stormy,163,22582.13,933.44,5913,64.27,2,8.38,92.09,0,83.95,High
PJT_491,Road,Chicago,2021-04-25,2022-07-24,43694469,37755412.81,-5939056.19,306,455.15,149.15,0.3692,3.7230,158.31,18.13,68.97,Cloudy,171,26620.99,360.50,2638,97.55,7,4.31,63.76,0,81.99,High
PJT_492,Road,New York,2021-04-26,2022-12-30,20020143,22965175.74,2945032.74,615,613.53,-1.47,1.1720,0.0551,186.24,25.48,82.53,Stormy,163,6918.43,916.35,3282,68.07,7,3.49,99.09,0,87.03,High
PJT_493,Bridge,Seattle,2021-04-27,2023-11-18,36235888,40001007.36,3765119.36,537,935.35,398.35,0.2193,3.2796,208.34,29.56,43.75,Cloudy,121,40323.24,692.60,7454,44.09,7,4.39,73.59,0,61.84,High
PJT_494,Bridge,Chicago,2021-04-28,2022-07-05,22748413,28043194.04,5294781.04,445,433.59,-11.41,1.2034,2.9225,423.45,-6.28,22.07,Cloudy,109,9344.32,195.60,8805,59.42,3,9.83,90.43,1,31.30,High
PJT_495,Dam,New York,2021-04-29,2024-02-11,5155826,6433116.70,1277290.70,610,1018.86,408.86,0.3175,4.2340,82.80,31.98,62.46,Snowy,286,12833.03,196.89,8364,62.66,9,6.01,59.79,1,71.10,High
PJT_496,Dam,Seattle,2021-04-30,2022-09-07,36469010,50168117.38,13699107.38,345,495.05,150.05,0.4654,2.9105,333.10,26.78,34.25,Cloudy,278,5235.63,796.95,9955,91.87,5,2.67,86.50,0,67.80,High
PJT_497,Road,Seattle,2021-05-01,2023-01-05,32791674,38548340.43,5756666.43,392,614.30,222.30,0.7773,4.4988,434.04,34.09,50.72,Rainy,273,8189.04,170.33,9474,57.89,1,5.49,52.57,1,12.03,High
PJT_498,Building,Los Angeles,2021-05-02,2023-09-20,5560236,7879341.75,2319105.75,579,871.73,292.73,0.3999,1.4403,290.49,3.28,56.24,Stormy,178,19050.77,656.78,9944,81.85,1,6.24,96.85,0,68.79,High
PJT_499,Tunnel,Los Angeles,2021-05-03,2023-03-03,23450682,33469240.63,10018558.63,611,669.27,58.27,0.2128,1.0212,417.54,8.13,73.01,Snowy,110,27209.98,825.10,1579,60.75,1,9.55,79.91,1,17.25,High
PJT_500,Bridge,New York,2021-05-04,2022-05-14,3801189,3488122.28,-313066.72,312,375.37,63.37,1.0435,1.1262,207.62,16.27,74.71,Cloudy,55,46906.09,123.72,4214,72.05,6,7.14,86.90,0,14.69,High
PJT_501,Road,Seattle,2021-05-05,2023-11-02,37879335,35589558.73,-2289776.27,620,911.71,291.71,0.9321,4.4857,492.14,10.22,33.56,Rainy,285,7606.51,308.83,1164,53.63,8,6.11,99.55,1,74.78,High
PJT_502,Tunnel,Houston,2021-05-05,2021-12-16,13119423,13561382.06,441959.06,238,225.16,-12.84,0.6968,3.0121,450.69,44.89,29.08,Rainy,172,34591.23,690.93,2251,55.01,8,2.85,85.26,0,90.79,High
PJT_503,Dam,New York,2021-05-06,2023-10-30,38004219,39533669.12,1529450.12,489,907.96,418.96,1.3419,2.6342,170.39,28.38,55.24,Snowy,138,45519.14,734.95,8966,56.79,3,9.21,92.07,1,37.44,High
PJT_504,Bridge,Seattle,2021-05-07,2022-07-03,10526857,9193251.48,-1333605.52,305,422.37,117.37,0.5467,2.2014,393.89,42.42,21.49,Snowy,119,17508.53,445.76,2384,43.58,9,4.46,50.94,0,49.96,High
PJT_505,Dam,Seattle,2021-05-08,2022-12-14,29929622,35799412.27,5869790.27,568,585.75,17.75,1.3548,0.1565,393.35,41.55,83.70,Sunny,286,42267.09,336.28,4547,85.44,5,7.53,81.08,0,80.44,High
PJT_506,Tunnel,Houston,2021-05-09,2023-09-27,49405423,71939594.74,22534171.74,746,871.70,125.70,0.6461,4.9545,290.64,13.31,70.35,Stormy,116,12314.70,443.16,4903,47.91,0,3.53,84.13,1,99.89,High
PJT_507,Bridge,Los Angeles,2021-05-10,2023-05-27,3590818,4488902.09,898084.09,525,747.67,222.67,0.7872,3.2961,402.09,34.56,62.56,Snowy,128,30579.85,388.89,5333,90.86,7,5.16,72.00,0,96.93,High
PJT_508,Road,Chicago,2021-05-11,2022-11-01,39894305,58255350.40,18361045.40,403,539.56,136.56,0.6252,3.0516,191.31,-6.48,32.59,Sunny,116,44107.49,214.50,3858,48.81,9,6.90,61.63,0,26.58,High
PJT_509,Bridge,New York,2021-05-12,2023-09-20,38138563,50201123.16,12062560.16,773,861.19,88.19,0.2155,3.5727,166.57,4.16,67.49,Sunny,188,37324.37,640.52,6729,46.55,8,4.99,75.55,0,39.32,High
PJT_510,Building,New York,2021-05-13,2022-10-08,19997472,18857649.36,-1139822.64,253,513.20,260.20,0.7204,3.9408,200.74,12.45,65.64,Rainy,291,48807.55,659.72,3626,62.10,4,9.37,95.59,1,64.81,High
PJT_511,Building,Chicago,2021-05-14,2024-03-14,48837898,52434041.71,3596143.71,700,1035.24,335.24,0.5083,4.1536,64.67,29.94,46.68,Snowy,294,8479.01,941.97,4679,73.92,9,6.67,86.70,0,20.91,High
PJT_512,Bridge,Houston,2021-05-15,2024-01-11,36195114,43007700.40,6812586.40,801,971.33,170.33,0.7022,0.9751,308.86,40.11,43.01,Sunny,109,25511.95,773.37,2890,81.58,7,7.60,94.01,0,41.68,High
PJT_513,Bridge,Houston,2021-05-16,2023-08-10,41615531,41604186.29,-11344.71,550,816.26,266.26,1.5940,1.1488,422.52,44.27,84.80,Cloudy,248,45916.96,706.69,3263,76.33,4,4.07,55.90,0,55.45,High
PJT_514,Dam,Chicago,2021-05-17,2023-12-14,14294548,20511491.42,6216943.42,686,941.29,255.29,1.7652,0.0776,104.35,4.49,58.82,Rainy,240,9544.79,882.51,8068,41.44,2,9.91,56.62,1,92.68,High
PJT_515,Road,Los Angeles,2021-05-18,2022-08-04,38375663,38641709.56,266046.56,310,443.23,133.23,0.6574,1.6840,421.12,8.52,62.61,Snowy,234,7035.70,764.87,6815,97.00,6,6.68,87.03,0,78.19,High
PJT_516,Dam,Seattle,2021-05-19,2024-08-19,35183509,31822188.06,-3361320.94,783,1188.66,405.66,1.8016,2.9678,216.44,25.72,46.56,Rainy,95,27890.02,629.27,2587,53.94,7,4.07,78.21,0,62.18,High
PJT_517,Road,Los Angeles,2021-05-20,2023-02-12,12973282,19067920.81,6094638.81,510,633.56,123.56,0.1797,4.7253,447.07,30.20,50.14,Sunny,197,44581.27,382.93,6690,57.09,1,3.59,74.33,1,25.24,High
PJT_518,Building,Chicago,2021-05-21,2023-04-18,45723602,47146002.00,1422400.00,288,697.99,409.99,0.2824,2.7608,278.91,-0.71,61.89,Snowy,295,45079.00,584.12,4197,40.40,0,4.33,64.09,0,48.39,High
PJT_519,Road,Chicago,2021-05-22,2023-03-22,20793194,30081448.79,9288254.79,309,669.45,360.45,1.4609,4.5959,103.97,38.89,54.53,Snowy,271,11156.81,350.61,2908,98.11,1,7.70,61.12,1,24.11,High
PJT_520,Building,Los Angeles,2021-05-23,2023-11-07,35416385,45575679.85,10159294.85,644,898.23,254.23,0.2408,3.4397,451.52,-7.89,27.03,Stormy,131,13567.94,602.35,1583,96.95,0,3.21,79.32,0,29.82,High
PJT_521,Dam,Los Angeles,2021-05-24,2023-03-16,13556394,17986819.39,4430425.39,661,661.26,0.26,0.6369,0.9929,444.14,42.30,80.00,Cloudy,50,24544.35,541.62,4416,82.60,0,4.76,63.15,0,62.55,Medium
PJT_522,Building,New York,2021-05-25,2024-02-10,13083912,18587375.30,5503463.30,723,991.18,268.18,1.6973,4.3752,350.59,16.96,64.10,Stormy,141,29453.60,365.88,4586,46.74,4,4.78,72.36,1,48.24,High
PJT_523,Dam,New York,2021-05-26,2023-07-11,24325603,31696980.20,7371377.20,506,776.12,270.12,1.4392,3.8684,267.68,34.26,54.24,Rainy,225,15568.70,361.84,9314,52.91,6,1.55,88.59,0,38.59,High
PJT_524,Road,New York,2021-05-27,2023-06-12,4666383,4780271.69,113888.69,615,746.30,131.30,1.4836,1.6992,418.34,6.97,48.69,Stormy,274,12494.08,285.58,2807,96.87,9,6.50,56.46,0,95.53,High
PJT_525,Tunnel,New York,2021-05-28,2023-01-23,23366584,33716778.90,10350194.90,272,605.63,333.63,1.5570,2.7645,344.72,18.53,45.35,Cloudy,90,42716.71,455.97,4757,57.41,2,9.20,66.58,1,76.00,High
PJT_526,Tunnel,Houston,2021-05-29,2022-10-31,36336533,33307464.19,-3029068.81,200,520.21,320.21,0.8561,2.4245,120.63,6.58,36.10,Cloudy,58,17260.62,211.28,7190,79.32,2,8.36,93.83,0,16.89,High
PJT_527,Bridge,New York,2021-05-30,2021-10-04,37352734,46435675.42,9082941.42,200,127.81,-72.19,0.3885,3.6794,406.68,0.69,62.40,Sunny,250,19567.70,561.12,1383,58.13,7,2.82,63.21,0,52.43,High
PJT_528,Building,New York,2021-05-31,2022-04-08,28268392,34336133.60,6067741.60,275,312.79,37.79,1.0184,4.5383,289.94,3.45,21.20,Rainy,236,22714.03,435.46,9955,82.87,7,3.02,98.76,1,30.89,High
PJT_529,Building,New York,2021-06-01,2023-06-04,21844672,23288234.74,1443562.74,756,733.74,-22.26,1.6384,4.8791,92.93,-0.69,80.54,Rainy,201,16248.61,227.20,8758,71.40,9,7.85,52.95,1,47.07,High
PJT_530,Building,Seattle,2021-06-02,2022-04-05,38937470,48250322.20,9312852.20,217,307.36,90.36,1.7557,1.3407,144.15,20.93,54.21,Rainy,130,48176.39,312.17,8559,82.53,8,5.99,86.98,0,92.91,High
PJT_531,Road,Houston,2021-06-03,2022-12-06,1914326,1828871.49,-85454.51,564,551.46,-12.54,1.5215,0.8310,246.92,43.46,22.73,Rainy,176,12682.49,822.84,8982,48.39,8,4.76,50.46,1,99.62,High
PJT_532,Building,Chicago,2021-06-04,2023-06-30,25939788,31555148.98,5615360.98,510,756.00,246.00,0.4153,1.4510,358.26,34.15,86.64,Sunny,182,32203.30,524.90,4450,96.17,2,2.48,85.75,0,38.59,High
PJT_533,Dam,Seattle,2021-06-05,2023-02-11,1375972,1448480.68,72508.68,661,616.54,-44.46,0.4566,3.4702,291.98,8.21,24.28,Rainy,202,12040.39,415.41,4703,60.70,0,9.35,63.73,1,88.13,High
PJT_534,Bridge,Los Angeles,2021-06-06,2023-08-21,28062881,40896040.63,12833159.63,556,806.99,250.99,1.1661,3.2080,141.16,22.60,27.21,Cloudy,121,13024.64,607.29,3075,87.81,9,6.80,69.15,0,86.81,High
PJT_535,Bridge,Los Angeles,2021-06-07,2024-05-26,32769795,32312635.45,-457159.55,810,1084.30,274.30,0.1051,1.1592,147.40,41.13,63.04,Cloudy,92,26395.88,100.22,2274,93.76,0,2.23,90.36,0,52.45,High
PJT_536,Building,Chicago,2021-06-08,2022-05-21,27390336,29999298.61,2608962.61,300,347.61,47.61,0.8325,2.3724,190.29,18.71,57.15,Stormy,265,14625.47,249.50,5550,82.68,6,6.04,74.50,0,71.68,High
PJT_537,Bridge,New York,2021-06-09,2024-01-16,2697555,3811618.20,1114063.20,847,951.54,104.54,1.7252,3.8537,205.70,13.32,63.19,Cloudy,147,21839.26,939.87,1174,51.75,5,5.73,50.28,0,18.47,Medium
PJT_538,Building,Los Angeles,2021-06-10,2024-06-16,41719941,42865908.08,1145967.08,694,1102.43,408.43,1.3297,3.2084,229.23,44.77,69.30,Sunny,210,7575.22,614.96,1498,91.79,7,9.98,81.61,1,52.61,High
PJT_539,Bridge,Houston,2021-06-11,2022-05-11,42132397,60302934.36,18170537.36,219,334.85,115.85,0.3911,3.6810,441.91,-2.76,49.37,Snowy,64,24952.01,739.53,6148,45.85,8,3.50,92.63,0,76.37,High
PJT_540,Building,Los Angeles,2021-06-12,2023-07-05,40382668,53280411.54,12897743.54,353,753.03,400.03,0.7959,0.0709,349.02,12.90,66.74,Snowy,66,13682.30,785.16,3416,83.74,1,2.55,52.23,0,71.98,High
PJT_541,Road,Seattle,2021-06-13,2024-08-01,1216384,1279948.51,63564.51,830,1145.82,315.82,1.1651,0.5886,259.81,35.99,26.03,Rainy,72,10231.78,181.51,2415,51.14,9,6.64,51.01,1,10.94,High
PJT_542,Building,New York,2021-06-14,2023-03-23,17557912,18436834.89,878922.89,263,647.92,384.92,1.3937,4.7133,439.06,31.11,71.67,Sunny,63,22068.97,358.37,5570,48.43,5,4.73,91.76,1,27.93,High
PJT_543,Building,Los Angeles,2021-06-15,2024-04-26,7201668,8414613.83,1212945.83,894,1046.99,152.99,1.1995,1.7443,338.82,14.73,64.17,Cloudy,59,47734.93,626.70,3551,72.28,3,9.94,71.69,1,71.38,High
PJT_544,Building,Seattle,2021-06-16,2023-09-14,34807113,42066041.88,7258928.88,530,820.82,290.82,1.5120,1.3448,280.97,1.59,35.28,Sunny,58,46486.37,565.33,4054,68.51,7,6.28,68.61,0,62.96,High
PJT_545,Tunnel,Los Angeles,2021-06-17,2023-11-07,25084307,35495897.69,10411590.69,898,873.44,-24.56,0.1150,2.1070,200.62,25.63,27.01,Sunny,128,12323.55,592.10,1356,66.34,9,5.11,78.80,0,45.94,High
PJT_546,Dam,Los Angeles,2021-06-18,2023-08-27,33383891,43100649.62,9716758.62,562,800.50,238.50,0.6703,4.8538,444.84,31.97,83.06,Stormy,77,23944.37,796.67,7565,75.58,2,5.61,96.12,1,96.87,High
PJT_547,Bridge,Seattle,2021-06-19,2024-06-02,9716825,12449333.90,2732508.90,761,1079.48,318.48,1.5983,0.2690,90.68,33.61,29.90,Sunny,167,22819.72,514.53,3416,52.02,2,3.71,54.02,0,28.30,High
PJT_548,Tunnel,Seattle,2021-06-20,2023-03-01,26116016,22282553.31,-3833462.69,337,619.90,282.90,0.4027,0.4996,297.42,11.67,34.87,Rainy,221,21933.12,517.14,4977,85.78,1,4.49,65.92,0,45.99,High
PJT_549,Building,Los Angeles,2021-06-21,2024-09-10,29493916,36513770.85,7019854.85,870,1177.10,307.10,1.1148,1.7343,351.44,43.36,21.88,Stormy,95,39552.98,432.22,6568,70.09,0,6.50,87.58,0,68.10,High
PJT_550,Dam,New York,2021-06-22,2022-05-03,21262710,24090871.74,2828161.74,372,315.45,-56.55,0.7452,3.2702,241.57,5.67,47.08,Rainy,58,16745.88,959.52,3941,49.81,8,8.51,73.25,1,71.75,High
PJT_551,Tunnel,New York,2021-06-23,2022-01-06,9639562,11794422.81,2154860.81,192,197.27,5.27,0.8296,2.2735,268.76,42.80,48.12,Snowy,127,24124.15,767.86,2899,76.22,7,5.52,89.05,0,85.98,High
PJT_552,Building,Houston,2021-06-23,2023-09-03,36682563,49292084.30,12609521.30,363,802.79,439.79,1.7536,0.4000,53.13,42.15,69.53,Sunny,100,28170.33,653.07,8454,66.09,7,3.54,56.08,0,43.04,High
PJT_553,Bridge,Los Angeles,2021-06-24,2023-01-28,46298233,48265625.25,1967392.25,438,583.62,145.62,1.6564,2.7137,130.43,9.63,21.23,Sunny,126,33619.22,636.20,6853,83.91,8,7.65,62.43,1,18.51,High
PJT_554,Dam,New York,2021-06-25,2024-04-04,24178480,35825357.88,11646877.88,621,1014.14,393.14,1.4091,1.2205,421.51,35.92,71.29,Stormy,195,25628.88,168.88,7107,42.30,9,9.79,81.89,1,44.37,High
PJT_555,Tunnel,Los Angeles,2021-06-26,2024-08-18,29355502,32598719.36,3243217.36,832,1149.11,317.11,0.4495,3.7338,374.72,30.85,25.55,Rainy,297,10239.14,272.48,5275,99.70,9,5.63,92.71,0,81.91,High
PJT_556,Building,Chicago,2021-06-27,2023-05-26,30322925,31190506.03,867581.03,664,698.06,34.06,1.4088,0.9286,275.70,-7.48,47.91,Cloudy,223,17821.06,104.55,4393,41.12,6,6.91,63.74,0,81.12,High
PJT_557,Building,Houston,2021-06-28,2022-09-16,48580755,51543974.21,2963219.21,406,445.16,39.16,0.2211,1.4392,370.42,35.48,61.15,Stormy,134,29365.61,528.04,1205,60.58,5,4.12,72.22,0,76.83,Medium
PJT_558,Dam,Chicago,2021-06-29,2023-12-20,27176567,27616832.49,440265.49,894,904.11,10.11,0.1613,4.2615,485.48,24.73,59.29,Sunny,71,14339.80,986.38,7048,58.24,5,5.06,73.37,1,62.64,Medium
PJT_559,Bridge,Los Angeles,2021-06-30,2023-12-23,2570907,3440908.27,870001.27,758,906.71,148.71,0.6394,3.7203,495.36,10.64,57.63,Rainy,205,47696.86,211.14,7483,53.10,1,6.14,58.93,1,79.98,Medium
PJT_560,Road,Chicago,2021-07-01,2023-06-05,15613129,17515073.49,1901944.49,598,704.57,106.57,1.2386,1.5970,213.43,-4.19,81.93,Sunny,178,29103.22,452.96,7618,69.69,7,3.58,96.23,1,88.60,High
PJT_561,Road,Los Angeles,2021-07-02,2022-07-22,23418041,31518521.41,8100480.41,183,385.31,202.31,1.3468,3.4168,94.25,21.91,49.27,Rainy,155,13499.37,126.14,4673,48.31,9,5.53,54.03,0,46.79,High
PJT_562,Tunnel,Los Angeles,2021-07-03,2023-11-06,39205488,49264511.84,10059023.84,804,856.47,52.47,1.4003,4.7592,60.22,23.07,75.29,Rainy,191,28010.10,273.73,3644,67.47,3,2.58,96.86,1,39.05,High
PJT_563,Building,Houston,2021-07-04,2022-03-01,31949238,36692913.95,4743675.95,211,240.71,29.71,1.3990,2.2183,158.85,-0.27,52.30,Snowy,255,32180.31,398.13,3609,54.69,1,1.06,51.62,0,88.04,Medium
PJT_564,Road,New York,2021-07-05,2023-02-12,18450267,26276539.54,7826272.54,252,587.01,335.01,1.1209,3.5790,323.14,44.41,70.03,Rainy,173,42248.92,153.81,7527,89.70,0,4.27,85.83,0,68.47,High
PJT_565,Road,Houston,2021-07-06,2022-04-15,18616016,24995003.80,6378987.80,286,283.37,-2.63,1.2016,3.9581,374.90,10.16,65.96,Cloudy,283,15938.09,534.33,5333,45.83,1,5.12,85.45,0,78.13,High
PJT_566,Building,Los Angeles,2021-07-07,2024-05-12,31224232,40738726.57,9514494.57,885,1040.68,155.68,1.1796,2.9721,392.60,-1.86,40.19,Cloudy,275,21688.30,426.45,5771,58.40,2,6.11,65.24,0,70.60,High
PJT_567,Dam,Seattle,2021-07-08,2023-01-30,26785015,27247022.88,462007.88,330,571.95,241.95,0.5330,4.2546,312.45,-1.84,20.84,Sunny,234,27886.62,883.21,9467,64.35,9,9.10,98.62,1,62.84,High
PJT_568,Bridge,Los Angeles,2021-07-09,2023-10-20,33564293,42675143.36,9110850.36,715,833.41,118.41,1.7545,2.4103,267.80,10.89,66.81,Snowy,137,15117.13,285.79,3459,56.70,1,6.85,67.83,0,92.14,High
PJT_569,Tunnel,Chicago,2021-07-10,2023-07-05,25398120,32554260.15,7156140.15,413,725.93,312.93,0.8571,0.4942,198.28,-6.30,58.73,Stormy,266,38356.60,885.35,1917,66.80,8,3.23,62.80,0,72.07,High
PJT_570,Dam,Seattle,2021-07-11,2024-10-09,12907171,11308634.84,-1598536.16,886,1186.21,300.21,1.2574,2.7599,91.11,0.45,78.15,Snowy,281,45641.01,570.30,1997,52.46,3,6.27,79.06,0,58.32,High
PJT_571,Tunnel,Los Angeles,2021-07-12,2023-09-07,33098105,30637729.39,-2460375.61,829,787.72,-41.28,0.2584,0.9870,294.07,1.82,54.11,Stormy,52,31177.11,875.03,2827,83.20,7,8.00,59.74,0,65.30,High
PJT_572,Road,Houston,2021-07-13,2023-08-08,41356193,42430754.33,1074561.33,437,756.92,319.92,1.2991,1.6432,267.48,5.61,65.17,Sunny,272,28948.55,407.03,9242,58.53,7,2.00,87.83,1,10.59,High
PJT_573,Bridge,New York,2021-07-14,2023-06-07,5399621,7258627.24,1859006.24,687,693.46,6.46,1.3787,0.4728,437.91,8.83,68.09,Cloudy,99,40045.63,786.57,4493,58.43,4,3.88,76.52,1,37.01,Medium
PJT_574,Bridge,Seattle,2021-07-15,2024-05-20,22727530,21628699.87,-1098830.13,764,1040.10,276.10,1.5562,3.9291,433.56,23.56,31.00,Stormy,171,34407.08,809.87,5413,53.72,4,5.25,92.81,0,23.05,High
PJT_575,Building,Los Angeles,2021-07-16,2023-05-07,29541259,35926193.36,6384934.36,502,660.35,158.35,1.5491,0.0284,472.99,-6.96,48.62,Cloudy,299,25560.04,346.79,4313,52.52,4,3.65,68.67,0,81.18,High
PJT_576,Building,Chicago,2021-07-17,2024-06-15,15427053,19305588.37,3878535.37,753,1064.68,311.68,0.9362,1.3698,83.49,-1.18,70.60,Stormy,170,47842.04,952.04,7390,81.27,7,3.25,99.35,0,15.34,High
PJT_577,Tunnel,Los Angeles,2021-07-18,2023-05-16,30402028,44093397.68,13691369.68,462,667.08,205.08,0.3110,0.6714,387.42,7.85,74.27,Rainy,261,11829.77,235.38,5896,74.45,8,1.79,62.26,0,78.65,High
PJT_578,Building,Chicago,2021-07-19,2024-06-29,47276268,40856324.58,-6419943.42,723,1076.17,353.17,1.5670,0.3400,403.66,29.13,41.98,Sunny,281,39771.63,772.55,4519,51.05,7,3.05,68.11,1,97.43,High
PJT_579,Building,Los Angeles,2021-07-20,2024-08-07,2552785,2402618.59,-150166.41,798,1114.25,316.25,1.3203,2.1367,412.73,33.90,78.22,Snowy,283,49533.94,436.13,8163,99.74,8,8.86,66.35,1,35.44,High
PJT_580,Building,Houston,2021-07-21,2022-11-09,38466250,52213408.31,13747158.31,257,476.61,219.61,1.1103,3.9930,430.83,-5.17,84.57,Stormy,216,49682.74,776.72,8060,89.07,7,5.06,94.03,0,68.54,High
PJT_581,Tunnel,Seattle,2021-07-22,2024-06-23,31470583,37544848.59,6074265.59,843,1067.87,224.87,1.4159,4.1010,244.58,-8.82,60.23,Snowy,209,42270.02,116.98,4690,59.34,2,3.33,61.14,0,39.40,High
PJT_582,Road,Seattle,2021-07-23,2024-10-13,48976426,69238366.71,20261940.71,768,1178.44,410.44,0.3899,3.8650,142.76,-0.01,21.84,Stormy,291,43011.42,801.52,9848,60.91,1,3.95,65.77,0,28.79,High
PJT_583,Building,Seattle,2021-07-24,2024-06-17,16634945,24263672.11,7628727.11,614,1059.23,445.23,0.5127,1.7767,111.79,39.44,50.77,Rainy,56,24977.86,769.55,4417,62.82,7,4.95,59.93,0,63.12,High
PJT_584,Tunnel,Houston,2021-07-25,2023-01-23,39809293,52585564.93,12776271.93,359,547.55,188.55,0.3312,3.7830,104.16,16.90,62.34,Sunny,156,13594.15,986.64,9305,61.59,4,5.58,97.24,1,44.20,High
PJT_585,Road,New York,2021-07-26,2022-08-19,21802521,30387209.41,8584688.41,282,389.98,107.98,0.9249,4.2390,185.31,44.98,25.91,Rainy,274,26211.27,956.18,5500,83.78,5,1.41,92.37,1,10.83,High
PJT_586,Bridge,Seattle,2021-07-27,2023-03-30,3616629,3217960.57,-398668.43,323,611.39,288.39,1.6245,4.3317,347.43,10.44,49.04,Cloudy,157,12758.90,942.66,3480,84.52,2,4.29,96.25,1,12.70,High
PJT_587,Dam,Los Angeles,2021-07-28,2023-11-19,18796018,23574789.42,4778771.42,593,844.42,251.42,0.1541,0.1292,62.82,15.88,71.45,Cloudy,283,23344.44,585.53,9604,50.18,1,1.13,94.86,1,98.94,High
PJT_588,Tunnel,New York,2021-07-29,2024-07-29,37019152,42063762.57,5044610.57,655,1096.19,441.19,1.7281,4.0471,50.32,16.19,82.97,Sunny,82,19529.44,585.99,2579,68.67,9,2.77,60.97,1,94.81,High
PJT_589,Dam,Houston,2021-07-30,2023-02-27,19944817,28451214.64,8506397.64,277,577.15,300.15,0.2999,1.1311,133.08,26.27,43.00,Rainy,221,31585.31,565.21,5370,85.59,2,3.95,68.74,1,76.28,High
PJT_590,Tunnel,New York,2021-07-31,2023-09-11,14280585,21230872.92,6950287.92,827,772.45,-54.55,0.1272,3.1732,425.92,3.08,47.77,Snowy,196,26634.94,871.91,4076,77.72,9,4.65,99.63,0,33.65,High
PJT_591,Road,Houston,2021-08-01,2023-08-04,35526900,51532680.08,16005780.08,466,733.39,267.39,0.7408,4.4626,164.88,34.38,54.11,Stormy,166,34846.16,701.21,6609,85.80,4,1.57,68.27,1,96.83,High
PJT_592,Dam,Houston,2021-08-02,2023-11-28,8458275,7850806.20,-607468.80,412,848.80,436.80,1.4541,0.6315,206.43,14.89,58.73,Snowy,297,44013.54,554.25,7513,89.20,8,2.75,92.00,0,11.50,High
PJT_593,Building,Chicago,2021-08-03,2024-09-04,38774438,54631323.08,15856885.08,795,1128.37,333.37,1.0976,4.0013,213.20,2.67,86.30,Stormy,92,21851.25,190.12,3713,78.09,9,3.04,96.53,0,58.67,High
PJT_594,Bridge,New York,2021-08-04,2022-11-01,27902121,29094174.40,1192053.40,387,454.56,67.56,1.8118,4.8600,452.19,15.74,29.53,Sunny,50,8369.17,737.51,6105,52.53,9,6.35,53.34,1,22.63,High
PJT_595,Road,Seattle,2021-08-05,2023-02-11,11700039,14858523.10,3158484.10,428,555.36,127.36,0.8429,0.9669,425.45,-6.12,87.44,Sunny,85,45168.73,211.12,3487,52.35,2,7.05,88.03,1,20.56,High
PJT_596,Building,Chicago,2021-08-06,2023-04-11,41161064,47591289.30,6430225.30,285,613.98,328.98,1.3548,1.4941,106.19,30.86,51.81,Snowy,275,49054.68,919.46,6593,92.51,0,4.43,94.56,1,51.99,High
PJT_597,Bridge,Seattle,2021-08-07,2025-01-24,33702425,45262312.84,11559887.84,888,1266.72,378.72,0.5268,0.5153,498.92,23.18,61.93,Sunny,111,44121.26,698.42,8085,65.30,1,8.79,64.01,1,34.83,High
PJT_598,Building,Chicago,2021-08-08,2023-05-28,17861039,26595199.54,8734160.54,516,658.41,142.41,0.2579,0.5057,412.70,3.35,54.65,Stormy,161,34953.28,193.57,8993,73.64,9,4.38,75.95,0,44.43,High
PJT_599,Bridge,Houston,2021-08-09,2024-09-30,44129375,64876644.46,20747269.46,784,1148.25,364.25,1.1937,0.5874,393.81,9.84,67.08,Stormy,157,41687.76,746.46,1653,60.84,7,8.67,78.67,1,94.62,High
PJT_600,Road,Houston,2021-08-10,2023-04-23,2620304,3301160.72,680856.72,401,621.47,220.47,0.7250,1.4614,235.46,-8.44,51.96,Sunny,141,41826.58,409.64,5074,56.60,0,3.92,84.96,0,79.18,High
PJT_601,Dam,Seattle,2021-08-11,2024-07-25,37727185,47965833.40,10238648.40,751,1079.53,328.53,1.5073,3.7666,401.44,-0.54,54.99,Snowy,135,20831.21,584.41,4728,58.99,4,1.91,86.10,0,38.16,High
PJT_602,Road,Seattle,2021-08-11,2023-04-01,48472547,56496518.37,8023971.37,571,598.14,27.14,0.7403,2.1888,212.66,-1.24,31.80,Snowy,78,13540.54,379.47,9292,82.01,8,3.67,78.00,1,65.66,High
PJT_603,Tunnel,Seattle,2021-08-12,2022-04-11,41129045,59413095.51,18284050.51,275,242.99,-32.01,1.3601,4.2610,115.59,8.71,44.77,Cloudy,285,22335.81,860.51,5815,76.81,1,3.91,61.24,1,32.13,High
PJT_604,Dam,Los Angeles,2021-08-13,2022-09-05,47645968,70950587.29,23304619.29,206,388.08,182.08,0.5662,1.1292,341.55,1.88,20.87,Cloudy,296,5934.83,651.00,8191,64.87,8,9.99,59.61,1,56.67,High
PJT_605,Road,Chicago,2021-08-14,2024-01-22,48428916,66246798.65,17817882.65,576,891.80,315.80,0.7915,4.0086,244.09,10.05,84.79,Cloudy,131,29316.61,169.34,3203,59.30,3,8.16,78.95,1,92.57,High
PJT_606,Bridge,New York,2021-08-15,2023-11-07,41539900,41460387.49,-79512.51,728,814.15,86.15,0.7619,3.5107,489.42,35.16,35.68,Sunny,197,42647.60,514.21,8174,69.83,6,1.58,99.79,1,50.36,High
PJT_607,Tunnel,Los Angeles,2021-08-16,2024-06-28,10924067,9738313.51,-1185753.49,668,1047.82,379.82,0.7734,4.7737,174.24,3.86,82.76,Snowy,232,31898.23,487.75,3184,99.17,3,6.96,65.49,1,37.42,High
PJT_608,Dam,Chicago,2021-08-17,2024-09-11,10679317,14396735.59,3717418.59,700,1121.52,421.52,1.9623,2.9344,438.23,43.40,23.71,Sunny,200,10385.75,979.62,2042,71.79,2,7.59,62.44,0,78.29,High
PJT_609,Dam,Seattle,2021-08-18,2022-12-05,34217213,45291053.75,11073840.75,210,474.19,264.19,0.7304,0.4708,231.60,28.55,67.97,Rainy,147,36338.68,224.66,6624,50.98,4,4.20,85.36,0,54.97,High
PJT_610,Dam,Los Angeles,2021-08-19,2023-04-28,24568678,36623629.45,12054951.45,591,617.32,26.32,1.3027,1.6986,388.32,18.81,21.43,Stormy,65,49190.46,153.23,7113,45.73,0,9.67,76.46,1,44.63,High
PJT_611,Tunnel,Chicago,2021-08-20,2024-01-11,5656632,8322108.31,2665476.31,756,874.66,118.66,0.4581,3.1044,131.80,2.01,44.17,Cloudy,203,21837.57,259.24,8220,82.38,2,5.57,90.72,0,65.99,Medium
PJT_612,Bridge,Houston,2021-08-21,2024-02-21,8232652,8865620.39,632968.39,499,914.57,415.57,0.4428,2.5924,455.10,17.37,62.25,Stormy,285,20182.85,509.20,9978,89.91,7,9.50,83.44,1,32.16,High
PJT_613,Dam,Seattle,2021-08-22,2023-07-24,28131086,24671911.90,-3459174.10,682,701.82,19.82,0.2114,4.9117,266.19,36.40,66.18,Stormy,75,43149.84,181.86,6251,94.71,9,6.18,76.60,1,59.17,High
PJT_614,Dam,Los Angeles,2021-08-23,2023-01-04,14290341,14868005.88,577664.88,508,499.80,-8.20,1.2900,2.0212,219.68,16.98,54.39,Sunny,193,26784.70,449.93,9152,99.54,4,7.94,84.95,0,13.75,High
PJT_615,Tunnel,Los Angeles,2021-08-24,2024-08-25,39337610,47315732.47,7978122.47,781,1097.36,316.36,1.3178,3.6963,290.43,-7.40,41.21,Cloudy,140,48388.42,147.19,8107,84.31,8,8.64,75.44,1,14.02,High
PJT_616,Dam,Houston,2021-08-25,2024-07-31,15869119,20837214.52,4968095.52,648,1071.48,423.48,0.2386,1.0180,143.03,25.22,21.09,Rainy,102,45514.43,204.70,5758,40.28,3,6.94,95.76,0,25.94,High
PJT_617,Road,Seattle,2021-08-26,2024-04-18,27974994,24592590.94,-3382403.06,560,966.32,406.32,0.3692,1.2309,350.84,38.51,49.60,Stormy,231,43868.45,663.57,4356,96.42,4,4.68,50.51,0,43.94,High
PJT_618,Dam,New York,2021-08-27,2023-07-05,43046192,55966077.82,12919885.82,439,677.07,238.07,0.1794,3.8356,108.00,27.92,24.94,Snowy,79,12151.57,812.07,2089,51.00,5,2.51,87.00,0,74.35,High
PJT_619,Road,Los Angeles,2021-08-28,2023-11-06,39259322,40043506.28,784184.28,729,800.81,71.81,1.5459,1.9745,448.52,1.12,26.06,Rainy,101,10720.18,996.00,8683,68.73,1,3.06,91.65,1,78.63,Medium
PJT_620,Tunnel,Seattle,2021-08-29,2024-01-18,30400967,40431009.56,10030042.56,626,872.12,246.12,0.9398,3.8456,348.29,17.70,88.22,Cloudy,235,19306.46,611.92,3502,60.48,4,9.30,67.51,1,67.97,High
PJT_621,Road,New York,2021-08-30,2023-09-26,34929879,31135519.50,-3794359.50,336,757.82,421.82,0.4495,0.9717,346.11,14.14,80.99,Snowy,265,16059.93,575.70,3639,48.60,5,1.51,84.24,0,58.08,High
PJT_622,Bridge,Seattle,2021-08-31,2023-05-18,10629214,15263421.07,4634207.07,509,625.30,116.30,1.4002,0.0295,51.54,-6.79,47.13,Stormy,80,43565.14,785.96,1576,73.82,1,1.18,91.20,0,61.43,Medium
PJT_623,Road,Los Angeles,2021-09-01,2024-10-03,31176923,44946420.00,13769497.00,882,1128.51,246.51,0.5516,2.4528,162.52,43.91,64.57,Rainy,285,45435.95,508.80,6900,53.43,4,6.73,58.72,0,99.92,High
PJT_624,Dam,Los Angeles,2021-09-02,2022-08-17,21123107,19931540.98,-1191566.02,201,349.82,148.82,0.9739,3.5534,293.67,2.48,48.16,Sunny,103,47384.65,479.03,7844,67.63,7,5.00,69.42,0,39.34,High
PJT_625,Road,Seattle,2021-09-03,2023-09-24,15559892,20432992.03,4873100.03,722,751.13,29.13,1.1799,4.7400,378.19,33.13,45.44,Rainy,190,43809.74,812.87,7140,78.64,3,4.54,73.51,1,50.71,Medium
PJT_626,Bridge,New York,2021-09-04,2022-05-19,23661532,28597339.35,4935807.35,232,257.69,25.69,0.3978,1.9215,282.88,-0.08,51.01,Cloudy,148,30532.68,255.11,3553,78.47,9,8.04,59.89,0,52.17,High
PJT_627,Dam,New York,2021-09-05,2023-09-21,42092428,50295496.00,8203068.00,503,746.49,243.49,1.2934,0.1765,93.68,-6.41,21.50,Snowy,134,43367.04,381.96,6844,52.18,2,9.62,65.38,1,66.09,High
PJT_628,Building,Chicago,2021-09-06,2023-11-23,48218012,46476941.42,-1741070.58,637,808.80,171.80,0.6762,4.0117,121.92,38.43,31.43,Snowy,186,45960.42,468.71,8693,81.99,4,7.21,95.18,0,69.75,High
PJT_629,Dam,New York,2021-09-07,2023-04-29,10099877,14363546.85,4263669.85,279,599.51,320.51,0.9983,2.3844,395.21,22.24,89.14,Sunny,288,24842.14,614.72,8329,93.64,7,9.52,78.34,1,98.90,High
PJT_630,Building,Houston,2021-09-08,2022-08-26,21139674,27276363.94,6136689.94,361,352.52,-8.48,1.8419,0.5549,470.76,42.82,33.80,Sunny,124,37013.37,953.89,2361,61.28,7,1.14,94.55,0,25.22,High
PJT_631,Building,Seattle,2021-09-09,2023-10-22,35925573,51653139.21,15727566.21,705,773.53,68.53,0.1445,1.5928,125.10,25.72,69.04,Sunny,164,49826.93,403.77,5470,85.00,7,6.93,66.65,1,88.48,High
PJT_632,Bridge,Houston,2021-09-10,2023-08-08,26546406,26009307.38,-537098.62,767,697.18,-69.82,0.9932,1.9420,362.88,4.87,46.26,Sunny,255,28066.29,994.29,7955,64.43,5,2.19,67.31,0,27.36,Low
PJT_633,Building,Los Angeles,2021-09-11,2023-07-12,46084266,41711650.12,-4372615.88,265,669.08,404.08,1.3658,1.5931,278.96,-3.76,76.75,Snowy,112,8348.66,436.05,3523,74.31,3,8.01,93.18,1,11.21,High
PJT_634,Building,Chicago,2021-09-12,2022-05-24,43018629,63567286.69,20548657.69,252,254.81,2.81,1.9413,3.1550,198.91,26.57,62.88,Snowy,230,11242.17,926.20,2329,51.13,1,1.03,89.58,0,14.50,High
PJT_635,Tunnel,New York,2021-09-13,2023-10-12,13927756,16148239.63,2220483.63,508,759.49,251.49,0.4749,4.9396,322.46,0.23,40.16,Stormy,271,43740.45,498.26,9316,40.38,2,9.77,63.16,1,61.79,High
PJT_636,Dam,Houston,2021-09-14,2025-01-18,13629788,13242446.26,-387341.74,899,1222.68,323.68,0.7107,4.9599,123.09,24.94,61.46,Stormy,155,27799.45,356.86,7988,55.06,5,7.62,76.53,1,97.13,High
PJT_637,Building,Los Angeles,2021-09-15,2022-07-11,5213294,6105027.84,891733.84,345,299.27,-45.73,1.8151,0.3020,390.04,13.66,67.18,Rainy,53,48972.54,707.05,6216,75.29,5,7.28,80.28,0,61.23,High
PJT_638,Building,New York,2021-09-16,2024-01-23,33242373,36260388.38,3018015.38,546,859.36,313.36,0.6705,2.4454,295.66,30.97,35.97,Cloudy,60,36088.91,468.76,8563,59.46,6,5.17,94.95,0,22.79,High
PJT_639,Road,New York,2021-09-17,2023-04-27,22254954,24434766.17,2179812.17,205,587.88,382.88,1.7535,0.7469,214.57,13.89,77.22,Cloudy,88,31682.17,265.52,2553,40.98,7,2.35,66.87,1,45.30,High
PJT_640,Building,Chicago,2021-09-18,2023-02-04,33650795,41876269.13,8225474.13,464,504.70,40.70,1.0484,2.1755,433.22,16.80,66.61,Sunny,296,9770.52,957.66,8810,76.47,2,3.12,97.17,0,47.47,High
PJT_641,Tunnel,Los Angeles,2021-09-19,2023-12-28,43309389,45557048.86,2247659.86,826,830.06,4.06,1.2751,3.0581,319.60,19.13,43.88,Sunny,256,35983.15,215.32,8758,43.79,7,4.33,62.31,0,71.95,High
PJT_642,Building,New York,2021-09-20,2023-08-02,39736564,54279419.62,14542855.62,467,681.15,214.15,1.4268,4.5093,484.46,32.99,60.06,Cloudy,231,31677.57,313.32,5081,69.32,7,9.02,65.67,1,44.57,High
PJT_643,Dam,Chicago,2021-09-21,2023-01-06,33946457,39063818.20,5117361.20,509,472.09,-36.91,1.8108,4.7357,377.52,-6.32,47.27,Cloudy,252,39647.56,740.72,6960,90.87,0,5.26,61.17,1,42.06,High
PJT_644,Bridge,New York,2021-09-22,2023-10-14,19304450,28412945.04,9108495.04,755,752.44,-2.56,1.0209,1.5708,447.45,1.00,76.75,Cloudy,295,46566.91,644.57,5843,84.01,3,5.71,75.21,0,43.84,High
PJT_645,Tunnel,Los Angeles,2021-09-23,2023-01-11,20871161,18083491.89,-2787669.11,447,475.25,28.25,1.3381,3.8119,85.42,15.57,83.69,Cloudy,164,33165.04,599.74,8276,85.51,1,9.43,72.80,1,64.59,High
PJT_646,Building,Seattle,2021-09-24,2023-11-01,2137912,1989422.71,-148489.29,780,768.12,-11.88,1.7487,2.7629,215.97,7.34,70.44,Stormy,56,33300.07,681.70,7480,50.68,9,8.52,51.73,1,60.91,High
PJT_647,Bridge,Houston,2021-09-25,2023-07-09,49135190,64557825.98,15422635.98,703,652.61,-50.39,1.0437,4.6347,112.96,-4.38,31.44,Cloudy,73,38959.68,975.09,6540,44.87,5,7.76,74.62,1,57.22,High
PJT_648,Road,Seattle,2021-09-26,2024-09-27,14908618,17018542.20,2109924.20,741,1097.11,356.11,0.3190,4.5571,167.34,3.16,65.13,Stormy,56,7361.74,858.60,4694,68.72,0,2.97,61.63,1,88.34,High
PJT_649,Bridge,Los Angeles,2021-09-27,2023-06-24,43569205,56015661.26,12446456.26,510,635.39,125.39,0.1366,3.8277,271.50,26.83,68.80,Stormy,67,6805.85,630.70,4421,53.77,7,1.06,85.09,0,43.13,High
PJT_650,Dam,New York,2021-09-28,2022-10-30,1493246,2157561.92,664315.92,397,397.70,0.70,1.5141,1.4071,300.32,18.10,31.19,Cloudy,243,32342.83,401.04,6358,93.88,6,2.07,64.27,1,64.30,High
PJT_651,Bridge,New York,2021-09-29,2022-11-09,3795761,4182335.88,386574.88,389,406.96,17.96,0.3028,4.6654,142.51,31.79,71.50,Sunny,263,36038.74,292.91,5970,61.66,0,6.83,61.49,1,85.92,Medium
PJT_652,Dam,Chicago,2021-09-29,2022-07-14,15523938,21566346.39,6042408.39,204,288.25,84.25,1.7347,1.0318,476.06,11.37,42.92,Rainy,204,38923.64,928.74,8867,73.65,4,8.16,83.35,0,16.99,High
PJT_653,Tunnel,Houston,2021-09-30,2023-01-02,1752418,2568013.71,815595.71,211,459.22,248.22,1.8673,1.5172,221.64,21.25,31.16,Snowy,144,14688.89,271.71,7933,84.51,5,1.68,70.87,1,79.34,High
PJT_654,Tunnel,Los Angeles,2021-10-01,2022-10-20,14734900,13677100.15,-1057799.85,325,384.24,59.24,1.3097,4.7621,406.74,38.42,85.24,Cloudy,53,10066.40,752.33,8458,92.19,9,7.25,63.66,1,60.69,High
PJT_655,Tunnel,Seattle,2021-10-02,2022-09-21,46501102,50933878.36,4432776.36,400,354.53,-45.47,0.1706,2.1624,259.57,-0.37,20.93,Snowy,218,7835.46,792.58,5601,82.59,7,2.82,63.36,0,96.69,High
PJT_656,Dam,Seattle,2021-10-03,2024-08-11,1130767,1693091.04,562324.04,886,1043.43,157.43,0.1838,2.8161,435.65,20.74,69.21,Cloudy,233,43180.55,142.57,6964,45.30,5,5.11,73.62,1,69.27,High
PJT_657,Building,Chicago,2021-10-04,2023-10-04,43903648,47214511.44,3310863.44,733,730.22,-2.78,0.4305,2.0089,260.37,9.11,40.47,Rainy,222,29402.09,424.30,8073,45.19,4,8.96,66.64,1,51.99,High
PJT_658,Bridge,Seattle,2021-10-05,2022-08-26,42947255,40554355.08,-2392899.92,223,325.03,102.03,0.7491,3.1635,385.16,36.81,60.16,Cloudy,261,36194.67,173.57,7864,92.84,8,5.90,75.98,0,32.92,High
PJT_659,Bridge,Seattle,2021-10-06,2023-08-31,23474740,27417721.53,3942981.53,412,694.53,282.53,0.7184,4.1823,217.99,41.53,56.62,Rainy,106,30965.87,774.84,2743,53.55,7,2.40,84.70,0,74.46,High
PJT_660,Bridge,Houston,2021-10-07,2023-08-21,5845707,7609411.20,1763704.20,687,683.51,-3.49,0.6825,3.7790,186.29,1.51,64.68,Cloudy,56,5729.90,366.21,4392,51.14,1,1.60,72.63,1,95.04,Medium
PJT_661,Road,Houston,2021-10-08,2024-11-11,24029721,26481611.69,2451890.69,894,1130.71,236.71,0.4961,2.1426,315.36,16.31,63.04,Snowy,223,27110.01,128.37,6236,61.09,4,7.31,93.06,0,58.51,High
PJT_662,Tunnel,New York,2021-10-09,2024-10-29,24558896,36026169.06,11467273.06,885,1116.18,231.18,1.4012,4.9732,220.99,42.95,73.13,Snowy,171,16347.04,182.84,5020,83.46,1,5.09,87.45,1,98.56,High
PJT_663,Tunnel,Los Angeles,2021-10-10,2023-09-19,48247330,67812463.06,19565133.06,497,709.89,212.89,0.5115,2.0530,54.63,-2.94,80.39,Snowy,289,27783.25,162.19,3969,67.79,9,4.49,96.25,0,14.38,High
PJT_664,Bridge,Houston,2021-10-11,2024-10-02,12671484,18202208.32,5530724.32,894,1087.87,193.87,0.6574,0.8137,180.63,8.23,27.68,Cloudy,297,42681.85,279.21,8966,54.94,6,7.98,90.34,0,79.52,High
PJT_665,Tunnel,Los Angeles,2021-10-12,2022-11-21,46837577,57578387.98,10740810.98,367,405.41,38.41,1.0374,3.5691,413.79,42.14,28.13,Cloudy,85,10939.96,980.92,1387,66.29,5,8.15,71.50,0,90.79,High
PJT_666,Building,Chicago,2021-10-13,2022-12-16,3250620,3352320.31,101700.31,288,429.87,141.87,1.1588,2.1113,79.33,4.45,86.41,Sunny,171,23059.71,927.35,3253,47.26,2,1.78,59.34,1,69.39,Medium
PJT_667,Bridge,Los Angeles,2021-10-14,2024-01-01,5484139,8122352.58,2638213.58,750,809.39,59.39,1.3469,2.9106,102.13,-7.81,34.17,Sunny,84,38598.90,451.64,7092,43.60,0,2.01,83.30,0,10.80,Medium
PJT_668,Dam,Los Angeles,2021-10-15,2023-12-29,15331839,14912261.11,-419577.89,429,805.11,376.11,1.0020,2.3937,94.57,11.33,64.34,Stormy,269,41174.15,231.50,3080,91.47,2,8.75,53.40,1,98.86,High
PJT_669,Bridge,Seattle,2021-10-16,2023-08-31,28750093,40130849.40,11380756.40,432,684.28,252.28,0.7873,1.1267,168.11,-6.72,50.23,Sunny,249,22758.30,273.35,7122,63.45,9,8.53,61.24,1,53.14,High
PJT_670,Bridge,New York,2021-10-17,2025-02-21,43637244,41552925.52,-2084318.48,841,1223.09,382.09,1.2381,1.4381,397.89,13.80,22.16,Snowy,193,8817.92,902.49,3384,86.38,0,4.33,69.66,0,82.61,High
PJT_671,Building,Los Angeles,2021-10-18,2024-06-12,21679050,30480663.81,8801613.81,728,968.81,240.81,0.9928,2.4389,390.84,36.17,61.27,Stormy,286,35698.27,639.41,3248,68.16,1,7.22,98.76,0,65.47,High
PJT_672,Tunnel,Los Angeles,2021-10-19,2024-03-23,19203359,27241663.98,8038304.98,824,886.15,62.15,1.2294,1.1392,467.07,7.83,36.76,Cloudy,139,48755.33,272.66,6488,71.06,6,3.51,79.89,0,26.95,High
PJT_673,Bridge,Seattle,2021-10-20,2024-06-06,47110727,61050168.26,13939441.26,884,960.36,76.36,1.4540,2.7645,142.01,15.45,56.41,Snowy,235,37523.41,362.32,5047,52.34,5,2.65,82.37,0,32.11,High
PJT_674,Road,Los Angeles,2021-10-21,2024-05-02,23910928,22598718.90,-1312209.10,761,924.31,163.31,1.2514,1.2627,484.93,34.72,88.87,Snowy,67,13501.76,940.71,9110,67.29,8,6.25,63.85,0,27.93,High
PJT_675,Tunnel,New York,2021-10-22,2025-04-07,40948012,37682468.01,-3265543.99,823,1263.30,440.30,0.9306,1.5657,112.88,-3.24,73.21,Snowy,60,43122.86,349.62,9986,72.11,2,8.05,96.29,0,28.44,High
PJT_676,Bridge,Houston,2021-10-23,2022-04-10,42900091,56530383.95,13630292.95,190,169.06,-20.94,0.6400,1.2034,149.20,23.20,72.62,Stormy,140,42834.56,236.53,6189,85.74,2,8.25,91.26,1,65.47,High
PJT_677,Dam,Houston,2021-10-24,2024-10-04,19101217,26287242.24,7186025.24,764,1076.44,312.44,0.3367,1.2310,232.88,3.31,62.67,Cloudy,284,14915.37,196.65,4912,80.27,6,6.22,79.99,0,29.20,High
PJT_678,Tunnel,Houston,2021-10-25,2024-04-07,30697521,29093593.86,-1603927.14,598,895.59,297.59,1.7874,4.2529,387.81,-8.73,73.55,Cloudy,275,35299.00,492.99,9584,60.54,0,5.49,80.78,1,64.59,High
PJT_679,Building,Seattle,2021-10-26,2024-03-04,47904320,61994465.01,14090145.01,900,861.00,-39.00,0.4199,2.0200,148.07,9.43,39.19,Sunny,280,15390.30,640.39,8695,97.64,9,3.20,84.88,0,82.01,High
PJT_680,Road,Chicago,2021-10-27,2023-08-01,2375337,2777059.59,401722.59,533,643.55,110.55,1.4759,4.5459,90.26,4.02,36.00,Sunny,283,49869.46,530.68,3761,53.15,9,6.81,79.96,1,86.13,High
PJT_681,Road,Los Angeles,2021-10-28,2023-05-03,7037952,9217028.31,2179076.31,229,552.18,323.18,0.4016,3.0772,298.77,3.77,56.77,Sunny,165,11706.32,227.47,8141,56.71,2,3.06,65.58,0,30.86,High
PJT_682,Tunnel,Chicago,2021-10-29,2023-01-28,12807397,13285855.03,478458.03,233,456.48,223.48,0.9935,2.1163,125.57,-9.06,87.29,Stormy,232,8467.14,795.55,5408,89.04,2,5.81,88.95,0,43.20,High
PJT_683,Dam,Seattle,2021-10-30,2024-12-13,17485060,23805741.91,6320681.91,726,1140.04,414.04,0.7184,0.8590,172.55,34.73,55.06,Snowy,150,11072.71,143.51,3554,90.79,3,8.76,91.71,1,35.13,High
PJT_684,Dam,New York,2021-10-31,2023-08-17,48877456,49431707.69,554251.69,359,655.41,296.41,1.3163,3.7726,80.18,10.76,20.04,Rainy,185,40947.71,709.77,7471,73.02,6,9.00,73.33,1,56.77,High
PJT_685,Bridge,Chicago,2021-11-01,2024-05-01,36129504,52711702.42,16582198.42,594,912.36,318.36,0.4171,4.2896,106.81,-8.00,25.14,Sunny,265,18429.90,643.96,7756,62.95,4,4.36,65.73,1,11.44,High
PJT_686,Road,Seattle,2021-11-02,2024-08-16,10384846,13208447.80,2823601.80,640,1018.55,378.55,0.6737,1.2225,57.37,2.49,50.73,Rainy,152,25985.71,518.68,4353,67.80,6,9.64,62.27,1,67.60,High
PJT_687,Tunnel,Los Angeles,2021-11-03,2023-03-29,32211622,46420323.75,14208701.75,563,511.15,-51.85,1.7854,4.3606,85.16,6.17,77.48,Stormy,172,6823.60,983.22,8855,44.07,5,2.74,96.10,1,99.29,High
PJT_688,Dam,Chicago,2021-11-04,2022-12-16,35192416,34916189.61,-276226.39,456,407.74,-48.26,1.0901,0.1207,231.54,33.92,52.22,Stormy,133,17821.72,145.82,9470,75.14,7,7.83,71.67,0,69.97,High
PJT_689,Bridge,Chicago,2021-11-05,2023-08-20,11289802,16442647.46,5152845.46,698,653.66,-44.34,0.8181,3.3031,247.94,29.74,38.70,Cloudy,245,46174.77,183.87,7289,56.55,3,1.38,65.15,0,27.50,High
PJT_690,Bridge,Seattle,2021-11-06,2024-06-13,11176821,12601781.52,1424960.52,607,950.72,343.72,1.1796,4.9521,144.78,44.51,31.44,Snowy,117,37725.71,808.31,4589,68.10,2,9.32,74.67,1,51.36,High
PJT_691,Building,Chicago,2021-11-07,2024-05-26,18319681,22443042.67,4123361.67,561,931.81,370.81,1.1411,4.5066,383.95,24.73,42.86,Cloudy,220,35688.08,744.91,9520,80.96,9,8.00,62.26,1,49.05,High
PJT_692,Building,Los Angeles,2021-11-08,2023-12-28,49605392,74127985.50,24522593.50,701,780.30,79.30,0.1974,2.9585,410.75,4.17,77.68,Stormy,107,43001.97,297.06,5075,67.86,2,9.33,84.87,1,47.14,High
PJT_693,Road,New York,2021-11-09,2024-03-13,6444488,6493602.88,49114.88,760,855.54,95.54,1.2838,4.7425,348.30,32.62,84.83,Snowy,161,23266.61,488.95,7786,68.39,0,4.00,68.52,1,53.79,Medium
PJT_694,Road,New York,2021-11-10,2024-02-03,29863900,41873444.59,12009544.59,782,815.44,33.44,0.6443,3.0529,124.20,-1.24,42.90,Rainy,268,8729.53,173.89,1139,49.00,6,5.43,54.62,0,82.73,High
PJT_695,Dam,Houston,2021-11-11,2022-10-28,3193428,2991488.85,-201939.15,182,351.74,169.74,1.9690,1.8338,358.55,35.47,45.01,Stormy,72,6819.34,903.59,6409,46.00,9,1.74,51.98,1,93.03,High
PJT_696,Dam,New York,2021-11-12,2023-09-01,40820397,42429883.36,1609486.36,682,659.00,-23.00,1.6900,0.3584,325.73,-2.38,52.36,Sunny,90,33955.88,729.95,2574,69.78,3,7.20,51.60,0,69.85,High
PJT_697,Road,New York,2021-11-13,2024-07-11,21562072,22443413.61,881341.61,547,971.40,424.40,1.4407,2.0055,413.13,2.93,88.92,Sunny,220,19697.43,316.61,3436,82.19,0,1.72,79.38,1,19.69,High
PJT_698,Road,Seattle,2021-11-14,2023-08-11,19956593,26956135.71,6999542.71,332,635.07,303.07,1.4067,2.8964,373.39,13.94,28.58,Stormy,236,31445.19,943.69,4436,93.74,0,4.28,69.54,0,14.40,High
PJT_699,Building,New York,2021-11-15,2023-11-06,32105223,41027718.51,8922495.51,371,721.63,350.63,0.8552,3.5457,195.61,-2.69,42.88,Rainy,218,19165.48,923.94,4014,40.45,2,9.59,70.79,1,98.95,High
PJT_700,Dam,Houston,2021-11-16,2022-11-21,41528508,48670683.41,7142175.41,323,370.21,47.21,0.6279,1.0113,131.23,-7.89,20.65,Sunny,232,20433.33,653.39,6524,40.16,7,7.94,98.46,1,23.30,High
PJT_701,Bridge,Los Angeles,2021-11-17,2024-03-16,36482815,54573190.76,18090375.76,723,850.07,127.07,1.2637,3.0611,245.72,42.24,76.02,Rainy,296,37359.82,592.41,9827,99.81,7,1.40,66.63,0,66.43,High
PJT_702,Tunnel,New York,2021-11-17,2024-09-01,41853222,51133482.25,9280260.25,607,1019.40,412.40,1.8539,4.1740,150.30,4.56,82.41,Snowy,259,15326.28,913.94,5163,63.69,0,5.78,52.03,0,50.43,High
PJT_703,Road,Houston,2021-11-18,2023-06-06,6107367,8376585.26,2269218.26,620,565.31,-54.69,0.6199,4.0721,295.95,12.92,55.12,Sunny,246,32011.02,146.08,4496,72.05,8,3.59,55.79,0,99.03,High
PJT_704,Bridge,Los Angeles,2021-11-19,2023-06-11,14439025,12406550.01,-2032474.99,361,569.88,208.88,0.9161,1.6439,160.52,16.39,26.96,Sunny,93,34585.57,704.63,7808,49.71,6,2.84,58.20,1,93.86,High
PJT_705,Building,Chicago,2021-11-20,2024-11-22,5602981,5040143.36,-562837.64,888,1098.80,210.80,0.3956,0.6072,471.70,42.45,24.62,Sunny,297,13053.67,788.41,6530,47.29,8,5.19,56.10,0,35.05,High
PJT_706,Tunnel,Los Angeles,2021-11-21,2022-12-07,27030231,37147409.51,10117178.51,274,381.22,107.22,1.1361,1.2514,58.20,40.26,76.31,Snowy,66,12303.15,407.89,9553,88.91,8,2.75,99.56,0,41.62,High
PJT_707,Building,New York,2021-11-22,2023-07-11,35387907,47926210.88,12538303.88,622,596.89,-25.11,0.8647,0.8376,329.48,16.59,61.04,Snowy,299,49686.00,304.08,9099,73.45,7,4.49,82.13,1,13.78,High
PJT_708,Road,Seattle,2021-11-23,2023-01-02,2148992,3206254.28,1057262.28,183,405.60,222.60,1.8744,3.2436,236.99,36.06,87.87,Rainy,71,11033.58,186.38,9528,73.68,1,6.34,73.67,0,59.64,High
PJT_709,Building,Houston,2021-11-24,2025-02-04,43820843,46278907.08,2458064.08,819,1168.74,349.74,0.6929,4.1108,182.05,37.23,23.84,Sunny,220,48383.51,223.23,5231,88.94,2,3.53,92.49,0,97.76,High
PJT_710,Building,Houston,2021-11-25,2024-01-07,21120588,23538178.74,2417590.74,690,773.44,83.44,0.1497,1.4258,133.15,-4.88,29.62,Stormy,204,31979.57,190.11,2857,45.71,4,7.91,65.92,1,61.88,High
PJT_711,Bridge,Houston,2021-11-26,2022-11-24,21903640,30598370.40,8694730.40,417,363.01,-53.99,1.1454,2.7065,436.66,34.64,58.43,Stormy,272,36071.70,367.49,5874,46.03,6,7.77,52.04,0,47.82,High
PJT_712,Building,Los Angeles,2021-11-27,2022-07-10,7329370,10751009.33,3421639.33,233,225.55,-7.45,1.2178,0.5341,264.64,15.81,45.28,Stormy,77,16892.70,631.77,5056,44.92,2,2.67,95.91,0,19.35,Medium
PJT_713,Tunnel,New York,2021-11-28,2023-11-07,9500104,9120957.03,-379146.97,403,709.24,306.24,1.9189,4.3191,279.36,44.43,20.37,Stormy,274,17299.15,815.19,4072,69.56,3,1.53,60.55,1,27.32,High
PJT_714,Bridge,Los Angeles,2021-11-29,2023-05-07,40645912,45421927.05,4776015.05,532,524.19,-7.81,1.1988,1.3468,327.37,38.93,69.48,Sunny,215,32236.52,101.31,2877,64.33,3,7.72,84.56,0,83.30,High
PJT_715,Bridge,Houston,2021-11-30,2024-06-05,48718978,42684354.39,-6034623.61,867,918.85,51.85,1.9965,3.7244,379.06,27.62,29.31,Cloudy,120,48172.99,617.12,4443,83.03,0,4.72,67.07,0,23.23,Medium
PJT_716,Tunnel,Los Angeles,2021-12-01,2024-07-07,26415780,33777544.80,7361764.80,512,949.94,437.94,1.3926,2.2171,140.70,24.93,34.47,Sunny,98,44147.80,872.30,4977,69.39,4,4.94,62.61,0,24.27,High
PJT_717,Tunnel,New York,2021-12-02,2024-01-30,28743096,26494544.18,-2248551.82,716,789.21,73.21,0.6457,1.4172,129.68,32.30,53.13,Stormy,66,31391.80,413.06,4675,66.96,4,8.56,98.18,1,53.23,High
PJT_718,Road,Seattle,2021-12-03,2023-05-17,44300005,51646570.21,7346565.21,197,530.93,333.93,0.5159,4.7426,279.36,41.37,27.69,Sunny,183,16466.50,188.95,9462,87.97,6,1.18,78.36,1,31.71,High
PJT_719,Building,Los Angeles,2021-12-04,2023-12-25,45858713,66742383.71,20883670.71,430,751.60,321.60,1.7261,2.8721,465.99,40.70,63.93,Stormy,50,11709.33,117.61,7876,74.08,0,5.33,59.37,0,74.88,High
PJT_720,Road,Los Angeles,2021-12-05,2025-04-26,40338703,39517945.99,-820757.01,892,1238.43,346.43,0.8637,4.2096,320.71,21.02,26.73,Rainy,209,13832.09,320.40,1750,91.47,5,5.24,62.06,1,30.48,High
PJT_721,Bridge,Houston,2021-12-06,2024-03-31,38927175,55757395.53,16830220.53,886,846.42,-39.58,0.5395,4.3328,142.23,12.68,89.72,Snowy,76,35643.23,978.33,8229,83.11,3,7.64,60.92,1,33.08,High
PJT_722,Bridge,New York,2021-12-07,2023-12-25,44152289,54422422.81,10270133.81,303,748.40,445.40,0.9547,1.0454,203.37,3.02,28.31,Sunny,252,31924.56,771.78,4951,42.65,4,5.87,82.86,0,10.57,High
PJT_723,Road,Seattle,2021-12-08,2024-08-25,7717164,7004573.58,-712590.42,601,991.36,390.36,1.2075,4.6241,174.95,13.49,44.43,Sunny,242,25356.01,726.35,1440,84.33,9,1.19,63.76,1,24.13,High
PJT_724,Tunnel,Seattle,2021-12-09,2023-12-17,14263709,13353802.88,-909906.12,380,738.46,358.46,0.9756,3.3083,151.53,-2.60,28.25,Cloudy,143,33220.88,892.15,5908,90.08,6,2.39,53.16,0,52.64,High
PJT_725,Tunnel,Seattle,2021-12-10,2023-04-25,12750476,16510409.91,3759933.91,563,501.62,-61.38,1.7965,0.5426,393.99,1.65,30.76,Snowy,161,15316.57,831.34,5360,82.82,8,8.95,76.54,1,63.25,High
PJT_726,Bridge,Los Angeles,2021-12-11,2023-09-18,40880757,48907736.90,8026979.90,643,646.42,3.42,1.1779,4.7681,241.20,23.60,75.63,Sunny,130,16710.29,292.73,1328,51.78,4,4.38,76.77,1,88.73,High
PJT_727,Tunnel,Seattle,2021-12-12,2022-09-14,47994295,57439710.52,9445415.52,235,276.76,41.76,1.7286,2.8003,227.57,25.73,69.87,Cloudy,63,28307.95,585.12,4797,87.94,3,9.17,75.42,1,89.60,High
PJT_728,Dam,Chicago,2021-12-13,2023-11-22,36237245,43463611.34,7226366.34,745,709.29,-35.71,0.5934,1.6604,111.28,-0.19,49.94,Cloudy,85,41129.15,298.46,2464,71.08,9,4.98,71.11,0,17.21,High
PJT_729,Building,New York,2021-12-14,2023-09-04,23661421,20572992.18,-3088428.82,348,629.11,281.11,1.5544,3.9002,398.89,28.00,80.40,Snowy,71,19512.35,781.80,2328,44.96,3,5.33,90.27,0,90.49,High
PJT_730,Building,Houston,2021-12-15,2025-01-29,41592190,36051978.09,-5540211.91,825,1141.69,316.69,0.3846,1.7667,220.57,-3.67,84.00,Sunny,242,18146.21,243.35,9941,88.77,9,7.01,77.00,0,57.00,High
PJT_731,Tunnel,Seattle,2021-12-16,2023-12-01,20392931,23980455.91,3587524.91,359,715.91,356.91,1.5978,1.5706,260.99,17.89,52.71,Snowy,203,7198.39,695.83,5024,62.67,5,1.80,86.19,0,23.50,High
PJT_732,Road,Chicago,2021-12-17,2022-12-01,11017545,15077566.36,4060021.36,305,349.97,44.97,1.0722,4.9533,216.30,-7.31,41.71,Cloudy,250,30957.13,756.64,1645,77.50,0,4.66,62.02,1,65.28,Medium
PJT_733,Road,Chicago,2021-12-18,2024-05-15,2140472,2893999.93,753527.93,543,879.86,336.86,1.5794,4.7655,435.27,18.92,28.80,Snowy,118,41089.72,935.32,7417,55.17,8,2.12,77.79,1,10.45,High
PJT_734,Building,Seattle,2021-12-19,2025-02-23,34450226,48998387.37,14548161.37,740,1162.68,422.68,0.5731,0.9693,373.18,0.32,65.34,Rainy,118,15900.22,705.70,3318,81.80,9,7.10,86.30,0,68.07,High
PJT_735,Building,New York,2021-12-20,2023-04-22,17288409,24577893.33,7289484.33,484,488.05,4.05,1.5373,0.6526,375.01,36.48,50.16,Snowy,129,48234.81,326.66,8568,92.41,6,3.62,99.11,0,41.92,High
PJT_736,Building,Los Angeles,2021-12-21,2022-08-19,16373235,21591887.35,5218652.35,223,241.89,18.89,0.8012,2.7173,134.13,0.54,80.58,Snowy,221,8807.31,439.54,7736,87.53,4,5.62,98.00,0,92.46,High
PJT_737,Tunnel,Seattle,2021-12-22,2023-02-01,38318589,49941153.88,11622564.88,291,406.24,115.24,1.0856,4.1521,173.94,29.90,29.40,Stormy,262,36373.58,706.31,6569,42.25,0,9.94,64.57,1,29.45,High
PJT_738,Building,Seattle,2021-12-23,2024-02-05,22144245,31539210.25,9394965.25,718,774.59,56.59,0.3321,3.6423,413.02,34.33,26.30,Stormy,166,28679.51,749.13,3027,72.66,9,9.78,62.05,1,71.09,High
PJT_739,Road,Seattle,2021-12-24,2023-03-20,22677516,34008072.12,11330556.12,317,451.65,134.65,0.1745,2.0332,65.64,-5.77,25.87,Stormy,244,27719.89,782.56,6364,99.49,1,5.16,75.03,0,59.73,High
PJT_740,Bridge,Houston,2021-12-25,2023-08-10,15005858,20756504.32,5750646.32,190,593.10,403.10,1.9948,0.1470,98.04,32.82,27.84,Cloudy,264,31873.85,931.89,5004,81.30,5,5.25,85.14,0,35.53,High
PJT_741,Bridge,Houston,2021-12-26,2024-10-01,42678503,55143975.68,12465472.68,605,1010.84,405.84,0.8443,3.0487,205.61,38.72,25.34,Stormy,68,41383.11,883.76,5699,46.53,4,3.03,69.85,0,85.43,High
PJT_742,Bridge,Seattle,2021-12-27,2023-09-08,49516625,47164128.17,-2352496.83,597,620.19,23.19,0.5096,3.0098,116.55,3.21,39.25,Sunny,157,8453.51,329.63,1597,81.73,4,2.17,76.81,0,13.86,Low
PJT_743,Building,Houston,2021-12-28,2023-07-21,27541324,31084107.44,3542783.44,525,570.95,45.95,1.9359,3.7188,283.70,-4.72,72.24,Rainy,249,43094.16,944.96,4161,92.49,0,5.68,60.16,0,89.61,Medium
PJT_744,Tunnel,Houston,2021-12-29,2023-07-28,31576728,28331954.48,-3244773.52,575,576.62,1.62,1.8866,1.0643,478.75,32.22,37.78,Sunny,141,7342.34,486.81,4004,66.17,1,5.37,92.37,0,60.52,Medium
PJT_745,Dam,Chicago,2021-12-30,2024-04-14,18702181,19427087.55,724906.55,395,836.48,441.48,1.9299,0.5791,186.80,20.50,75.57,Rainy,249,13733.11,368.60,8813,91.77,8,7.63,76.43,0,29.08,High
PJT_746,Building,Chicago,2021-12-31,2022-09-12,45763340,49921664.16,4158324.16,307,255.30,-51.70,1.4131,0.0903,420.02,17.91,89.52,Stormy,231,7917.80,360.41,3978,96.10,7,9.93,79.14,1,78.06,High
PJT_747,Bridge,Chicago,2022-01-01,2024-08-20,42908405,52445438.12,9537033.12,820,962.99,142.99,0.8141,3.9026,183.39,20.40,62.33,Stormy,240,37839.12,710.45,8474,45.38,8,3.66,76.76,0,44.57,High
PJT_748,Bridge,Seattle,2022-01-02,2023-03-03,7908453,8235585.18,327132.18,330,425.09,95.09,1.5674,4.4367,306.27,33.58,79.98,Cloudy,277,13566.91,266.46,4654,57.67,2,7.99,71.49,1,96.46,High
PJT_749,Tunnel,New York,2022-01-03,2025-01-14,38440608,44492520.78,6051912.78,817,1107.83,290.83,0.8562,0.5886,393.71,43.48,22.14,Rainy,94,38717.45,378.55,4737,71.20,3,3.93,83.13,0,68.52,High
PJT_750,Bridge,Seattle,2022-01-04,2025-06-05,2174356,3029707.02,855351.02,853,1248.44,395.44,1.9638,4.1401,453.76,42.80,82.11,Snowy,86,45601.18,609.64,8113,60.48,8,8.24,89.20,0,78.68,High
PJT_751,Bridge,Seattle,2022-01-05,2024-06-17,7274503,9888526.92,2614023.92,624,894.29,270.29,0.8266,1.8915,233.12,-6.00,78.05,Snowy,193,26686.81,483.36,3387,85.99,8,3.82,66.84,0,20.82,High
PJT_752,Dam,Los Angeles,2022-01-05,2024-03-09,17146446,21123517.64,3977071.64,588,794.98,206.98,1.5690,4.2488,172.36,39.44,79.82,Cloudy,172,38854.98,100.88,9419,66.05,6,9.17,69.46,1,20.51,High
PJT_753,Road,Chicago,2022-01-06,2022-12-17,45849863,44734169.91,-1115693.09,386,345.78,-40.22,1.2626,4.1178,420.50,-8.60,86.17,Rainy,185,7519.38,683.46,2312,57.58,9,1.66,86.89,1,46.70,High
PJT_754,Dam,Chicago,2022-01-07,2024-02-08,30750273,38971284.41,8221011.41,380,762.08,382.08,1.2913,0.2515,215.76,25.06,38.91,Rainy,162,24921.27,353.35,3659,43.49,7,8.97,86.30,1,47.05,High
PJT_755,Dam,Chicago,2022-01-08,2023-03-06,38276590,52405763.53,14129173.53,320,422.61,102.61,1.5171,2.4605,331.43,16.08,46.91,Snowy,91,30443.96,939.24,2094,86.15,4,1.20,96.83,0,33.65,High
PJT_756,Dam,Seattle,2022-01-09,2023-07-10,6985227,10192892.82,3207665.82,387,547.55,160.55,1.9130,1.5710,371.71,-0.58,44.13,Rainy,77,26023.68,934.45,8606,40.64,2,7.10,53.93,1,44.18,High
PJT_757,Dam,New York,2022-01-10,2024-02-29,45938301,48535715.02,2597414.02,423,780.34,357.34,0.9887,2.7306,489.39,10.68,33.33,Rainy,69,45113.02,590.67,6031,55.88,0,7.53,58.43,0,14.30,High
PJT_758,Road,Los Angeles,2022-01-11,2023-10-17,7342877,8299314.88,956437.88,702,644.79,-57.21,0.6410,0.2645,253.28,27.51,78.24,Rainy,170,29038.18,934.92,8589,84.45,7,7.01,58.52,1,11.26,High
PJT_759,Dam,Houston,2022-01-12,2024-12-23,40526656,48573571.98,8046915.98,683,1076.96,393.96,0.4465,3.1413,167.49,41.18,49.39,Stormy,189,20306.19,846.77,8175,54.03,6,8.80,61.58,1,31.87,High
PJT_760,Tunnel,Chicago,2022-01-13,2023-08-05,22370256,24953491.71,2583235.71,361,569.06,208.06,0.7431,2.8621,252.34,30.63,54.50,Stormy,189,37363.23,485.82,2949,67.21,0,4.62,96.91,0,46.46,High
PJT_761,Dam,Houston,2022-01-14,2024-06-10,26240773,31525754.46,5284981.46,553,878.20,325.20,0.2603,4.2034,131.20,24.60,42.95,Cloudy,72,49646.79,710.87,6997,40.89,5,5.85,72.36,1,33.84,High
PJT_762,Bridge,Seattle,2022-01-15,2023-04-11,12691352,11387818.57,-1303533.43,254,451.10,197.10,1.1842,1.6370,229.07,15.12,61.59,Snowy,192,31578.47,795.31,5399,54.11,9,6.48,64.44,0,11.45,High
PJT_763,Dam,Seattle,2022-01-16,2023-08-27,3275730,4810114.66,1534384.66,218,588.96,370.96,1.4144,1.1490,428.79,13.82,70.34,Sunny,179,48607.95,683.53,5884,92.95,5,8.62,80.49,1,15.94,High
PJT_764,Tunnel,Los Angeles,2022-01-17,2023-12-12,37620796,44388690.16,6767894.16,535,694.49,159.49,1.9286,3.7559,66.11,26.02,26.42,Cloudy,110,45283.82,461.49,7397,68.66,8,7.92,82.84,1,65.40,High
PJT_765,Building,New York,2022-01-18,2023-12-08,5260143,6930846.85,1670703.85,259,689.67,430.67,1.3610,2.3070,324.69,17.09,57.94,Stormy,197,46189.32,555.22,3521,90.22,2,3.88,78.84,0,77.48,High
PJT_766,Bridge,Los Angeles,2022-01-19,2024-12-28,27749167,35194466.86,7445299.86,877,1074.92,197.92,1.3964,3.9620,215.91,28.25,81.81,Sunny,243,49751.29,442.85,6437,81.14,9,1.34,83.65,1,90.98,High
PJT_767,Dam,Los Angeles,2022-01-20,2023-10-07,13251128,19310207.06,6059079.06,563,625.21,62.21,0.8470,2.9680,138.25,9.42,77.07,Sunny,97,33723.55,670.55,3180,81.01,9,8.62,89.48,1,30.00,High
PJT_768,Dam,Chicago,2022-01-21,2025-04-16,23829500,26526658.36,2697158.36,766,1181.30,415.30,0.5954,3.4223,462.20,0.26,73.30,Rainy,95,46127.92,409.02,3747,98.12,2,4.63,79.46,0,30.00,High
PJT_769,Bridge,Chicago,2022-01-22,2024-10-16,16002431,22552108.08,6549677.08,882,998.13,116.13,1.8852,0.5311,369.78,10.31,21.80,Rainy,182,16828.22,447.65,6314,40.94,5,7.80,88.65,0,33.55,High
PJT_770,Tunnel,Seattle,2022-01-23,2024-02-07,9051572,12858097.85,3806525.85,493,745.91,252.91,1.7983,4.1216,83.53,35.78,83.97,Stormy,173,12416.67,279.23,6465,74.92,4,8.14,54.30,0,45.51,High
PJT_771,Tunnel,Los Angeles,2022-01-24,2023-10-26,22929017,31824090.04,8895073.04,480,640.45,160.45,0.4844,1.0830,128.08,24.07,35.01,Rainy,171,37752.88,955.56,2595,54.29,6,5.03,65.87,1,65.87,High
PJT_772,Dam,Houston,2022-01-25,2024-07-06,6847667,5977156.81,-870510.19,470,893.70,423.70,0.7723,2.2832,327.07,42.14,28.54,Stormy,184,26279.95,154.13,3156,85.47,0,3.45,56.49,0,57.41,High
PJT_773,Building,New York,2022-01-26,2024-02-02,23205868,28132805.21,4926937.21,346,737.80,391.80,1.8345,3.8793,237.24,42.56,80.48,Stormy,179,23698.07,778.86,9829,66.53,4,8.76,56.91,1,55.92,High
PJT_774,Building,Chicago,2022-01-27,2024-08-10,40481568,45512496.02,5030928.02,827,926.95,99.95,0.7910,4.3340,404.42,36.29,40.16,Stormy,82,18704.38,652.94,2944,98.06,6,9.87,51.27,1,10.56,High
PJT_775,Tunnel,Houston,2022-01-28,2023-12-12,25998293,32899729.01,6901436.01,339,683.86,344.86,1.2140,4.3920,82.74,3.00,64.99,Snowy,254,19669.04,385.64,4413,40.33,5,5.32,76.09,1,48.31,High
PJT_776,Dam,Houston,2022-01-29,2023-08-02,35883792,42741713.25,6857921.25,470,550.73,80.73,0.8278,2.9322,497.80,16.98,54.97,Cloudy,158,25205.20,673.59,8226,83.16,4,6.79,57.49,1,42.97,High
PJT_777,Bridge,Seattle,2022-01-30,2023-10-21,5670321,6757820.42,1087499.42,557,629.59,72.59,1.6302,0.8644,294.51,34.90,71.59,Cloudy,264,7831.20,280.16,3346,92.72,0,6.64,81.20,1,76.45,Medium
PJT_778,Tunnel,Chicago,2022-01-31,2023-08-24,33852329,32298440.02,-1553888.98,430,570.15,140.15,1.4633,2.3159,60.90,-0.92,53.02,Stormy,230,8919.14,510.42,3960,93.99,7,5.18,63.02,0,60.58,High
PJT_779,Building,New York,2022-02-01,2023-04-15,39333845,57521402.78,18187557.78,318,438.82,120.82,0.7183,3.0931,279.92,32.65,66.88,Rainy,147,45484.32,598.42,2675,63.55,8,8.82,85.91,1,68.09,High
PJT_780,Dam,Houston,2022-02-02,2024-08-22,14309109,16282104.77,1972995.77,648,932.37,284.37,1.4627,1.0863,304.02,22.04,33.03,Snowy,133,13180.52,239.67,4507,84.46,2,9.60,86.64,1,69.15,High
PJT_781,Bridge,Houston,2022-02-03,2024-08-06,38120355,46046655.72,7926300.72,835,915.70,80.70,0.5493,0.8328,343.99,28.64,37.12,Stormy,269,45253.47,282.87,6047,56.01,1,5.40,82.23,0,89.43,High
PJT_782,Dam,Seattle,2022-02-04,2023-11-21,2312670,2824182.69,511512.69,582,655.62,73.62,0.5960,1.2695,414.84,32.62,62.78,Snowy,96,45197.24,643.25,8189,40.16,9,2.57,53.49,1,32.18,High
PJT_783,Bridge,New York,2022-02-05,2025-03-02,49235477,45450918.60,-3784558.40,719,1121.65,402.65,1.0316,4.4769,197.09,21.88,59.08,Stormy,112,10880.07,125.27,2614,48.08,5,4.57,89.53,1,59.32,High
PJT_784,Dam,Houston,2022-02-06,2022-11-18,38192404,44601644.28,6409240.28,225,285.62,60.62,1.6406,3.4301,259.52,17.69,80.45,Rainy,139,35761.88,723.99,7098,80.04,5,2.66,81.87,0,15.48,High
PJT_785,Tunnel,Seattle,2022-02-07,2022-10-29,21273824,21350128.33,76304.33,197,264.41,67.41,0.8369,0.4100,307.70,33.68,42.45,Rainy,67,20609.94,884.64,4441,92.32,9,9.09,93.38,1,23.43,High
PJT_786,Bridge,Seattle,2022-02-08,2025-02-09,45560847,39438356.07,-6122490.93,780,1097.12,317.12,0.6753,2.3898,344.19,30.42,33.50,Stormy,260,13834.97,104.42,7808,99.53,1,2.89,79.67,1,97.07,High
PJT_787,Dam,New York,2022-02-09,2023-06-08,11186279,10348580.36,-837698.64,229,484.64,255.64,0.3991,4.3337,465.79,42.81,48.71,Cloudy,63,10182.47,794.24,2462,46.96,6,4.62,56.48,1,20.89,High
PJT_788,Tunnel,New York,2022-02-10,2023-10-25,45407121,60513016.00,15105895.00,319,622.19,303.19,1.1054,2.1882,161.90,40.90,72.27,Cloudy,59,18212.55,273.20,7230,60.24,8,1.12,58.94,0,69.86,High
PJT_789,Building,Chicago,2022-02-11,2022-11-23,19927718,19220067.94,-707650.06,286,285.30,-0.70,0.2712,0.1135,301.27,11.71,56.74,Sunny,270,5393.40,698.43,3205,49.01,4,4.38,50.86,0,27.43,Medium
PJT_790,Building,Los Angeles,2022-02-12,2024-09-03,5430364,7476536.00,2046172.00,569,934.01,365.01,1.4984,0.0062,468.82,29.36,59.82,Sunny,82,40064.85,625.11,1279,86.58,3,9.72,55.93,1,48.15,High
PJT_791,Building,Chicago,2022-02-13,2024-02-03,26995876,28332559.33,1336683.33,514,720.01,206.01,1.8556,1.0601,62.17,41.78,82.17,Cloudy,56,11338.06,533.67,1881,65.35,5,6.53,73.97,0,35.01,High
PJT_792,Dam,Chicago,2022-02-14,2024-03-21,49240601,64948641.98,15708040.98,814,766.60,-47.40,0.2622,2.1310,315.87,12.68,29.10,Sunny,185,34254.24,911.01,6609,59.17,2,8.45,84.22,0,29.97,High
PJT_793,Building,Houston,2022-02-15,2023-03-08,2131464,2665372.67,533908.67,435,386.08,-48.92,1.8252,2.0277,273.37,40.28,64.79,Sunny,158,45186.91,377.43,2063,62.25,9,7.09,99.90,0,48.27,High
PJT_794,Dam,Seattle,2022-02-16,2023-10-20,8142062,7645057.96,-497004.04,437,611.17,174.17,1.6392,2.3087,51.23,-7.57,24.16,Snowy,254,40262.03,210.37,4395,41.60,6,5.98,55.02,0,78.71,High
PJT_795,Tunnel,New York,2022-02-17,2023-06-21,3860410,4647324.51,786914.51,345,489.62,144.62,1.0820,4.0617,351.59,14.63,30.37,Snowy,272,37390.67,976.78,1996,67.81,3,5.58,70.43,1,14.85,Medium
PJT_796,Dam,Los Angeles,2022-02-18,2024-01-13,20308918,22029666.96,1720748.96,261,694.45,433.45,1.1083,1.3777,185.11,34.06,32.25,Cloudy,56,5784.33,491.59,6716,71.90,8,7.09,72.34,0,63.65,High
PJT_797,Road,Houston,2022-02-19,2023-02-26,1366862,1458367.61,91505.61,389,372.86,-16.14,1.9995,4.0183,399.65,23.38,30.96,Rainy,286,16439.95,493.73,7449,66.21,2,1.71,79.26,0,84.76,Low
PJT_798,Road,Houston,2022-02-20,2022-08-01,18851251,20961456.65,2110205.65,212,162.52,-49.48,0.9086,1.5530,198.65,22.41,72.86,Snowy,62,25111.91,537.09,8657,47.46,4,1.34,87.45,0,31.24,Medium
PJT_799,Bridge,Houston,2022-02-21,2025-02-02,48480018,61094444.70,12614426.70,756,1077.36,321.36,0.6122,0.0151,162.18,44.86,24.60,Cloudy,60,16498.48,647.96,1620,88.47,4,6.82,79.90,0,92.13,High
PJT_800,Bridge,Chicago,2022-02-22,2024-09-21,44488350,39698161.33,-4790188.67,684,942.61,258.61,0.9802,2.1951,104.13,12.80,62.21,Sunny,76,23489.92,443.80,2631,48.91,7,3.58,52.46,0,33.96,High
PJT_801,Dam,Seattle,2022-02-23,2023-12-16,15155636,20142282.43,4986646.43,510,661.55,151.55,1.9374,3.3487,317.80,22.06,83.84,Stormy,164,41315.60,160.30,5327,49.91,6,8.63,97.79,1,29.29,High
PJT_802,Tunnel,Chicago,2022-02-23,2024-11-24,37275718,52139897.86,14864179.86,651,1005.50,354.50,0.3008,2.0537,428.46,26.34,66.15,Sunny,74,43232.87,911.74,9941,96.62,1,3.12,84.22,0,61.44,High
PJT_803,Bridge,Chicago,2022-02-24,2024-09-16,10838554,15535337.78,4696783.78,778,935.75,157.75,0.2587,2.2223,60.09,36.00,55.26,Stormy,296,18039.50,695.34,1500,88.92,1,9.73,96.40,1,37.37,High
PJT_804,Dam,Seattle,2022-02-25,2023-06-02,24894168,29605764.95,4711596.95,303,462.18,159.18,1.5011,1.1657,492.29,43.49,46.17,Snowy,188,12765.88,830.68,5251,72.41,6,5.27,73.66,1,85.83,High
PJT_805,Dam,New York,2022-02-26,2024-02-17,40975434,45568746.49,4593312.49,756,721.12,-34.88,1.5528,3.3399,470.37,18.10,54.98,Stormy,119,40615.85,639.91,7938,73.58,8,2.35,86.31,0,94.89,High
PJT_806,Road,Houston,2022-02-27,2023-03-29,24799571,24776488.12,-23082.88,453,395.86,-57.14,0.3240,4.5236,89.80,21.95,27.87,Rainy,61,27246.00,596.66,5065,50.62,4,7.07,90.42,1,30.17,High
PJT_807,Road,Los Angeles,2022-02-28,2023-11-11,31886149,39145730.32,7259581.32,289,621.89,332.89,1.7321,3.2932,338.53,-0.01,64.80,Stormy,287,23973.46,675.69,7165,63.02,3,7.48,96.78,0,33.91,High
PJT_808,Bridge,Los Angeles,2022-03-01,2022-12-15,1779486,1689474.29,-90011.71,335,289.32,-45.68,0.7422,1.9297,121.91,41.34,60.60,Cloudy,261,33364.23,347.70,9957,47.50,8,9.71,98.01,1,33.93,High
PJT_809,Road,Chicago,2022-03-02,2025-02-12,42210227,37006008.26,-5204218.74,893,1078.96,185.96,0.9282,4.9251,227.83,-1.68,89.13,Stormy,163,32087.41,161.33,1361,77.39,1,1.80,53.69,1,20.17,High
PJT_810,Dam,Los Angeles,2022-03-03,2025-05-23,41244518,52218160.41,10973642.41,857,1177.41,320.41,0.4102,4.1037,142.06,12.41,36.29,Rainy,234,23343.46,100.38,4056,98.86,0,9.27,66.06,1,46.05,High
PJT_811,Tunnel,Seattle,2022-03-04,2024-10-07,19684225,26333747.11,6649522.11,548,948.41,400.41,1.0416,1.3109,327.33,13.59,65.52,Cloudy,228,18011.85,125.43,7822,64.12,1,5.23,87.02,0,93.82,High
PJT_812,Tunnel,Chicago,2022-03-05,2023-10-26,40899386,49073377.58,8173991.58,309,600.10,291.10,1.5307,3.1524,296.02,42.60,71.06,Rainy,168,42499.76,230.91,5448,44.78,4,4.72,92.39,1,30.38,High
PJT_813,Building,Chicago,2022-03-06,2024-04-20,43049749,47128525.32,4078776.32,369,776.13,407.13,0.6036,2.1109,348.43,23.96,84.06,Stormy,151,36341.57,594.60,6105,95.82,6,6.10,84.43,0,39.46,High
PJT_814,Bridge,Los Angeles,2022-03-07,2024-06-30,4308502,3972093.68,-336408.32,501,846.90,345.90,1.2660,3.6119,355.79,-6.78,68.12,Rainy,142,16087.84,935.87,1728,61.08,1,5.27,71.12,0,30.44,High
PJT_815,Bridge,Chicago,2022-03-08,2025-03-07,14901033,16745955.77,1844922.77,748,1095.98,347.98,0.5723,4.8793,341.43,-4.50,60.55,Sunny,145,31977.22,441.08,1125,42.95,9,6.90,78.62,1,36.88,High
PJT_816,Bridge,Los Angeles,2022-03-09,2023-01-10,26255448,39359962.37,13104514.37,363,307.89,-55.11,1.3966,1.3699,456.36,37.39,62.94,Rainy,177,23470.71,394.19,8140,55.73,0,8.38,96.57,0,87.87,High
PJT_817,Road,New York,2022-03-10,2024-03-11,2958518,3613198.38,654680.38,528,732.88,204.88,1.5868,1.5426,193.52,2.14,74.69,Stormy,57,24131.82,318.26,7054,55.49,6,8.88,89.16,1,26.59,High
PJT_818,Road,Los Angeles,2022-03-11,2024-11-05,8274513,9165833.20,891320.20,897,970.27,73.27,0.7346,3.0412,153.01,-7.05,68.64,Rainy,91,43500.90,206.57,3492,57.65,7,4.85,94.07,0,52.66,High
PJT_819,Road,Seattle,2022-03-12,2024-03-29,27182088,23595052.25,-3587035.75,503,748.03,245.03,0.2502,1.4047,492.57,-4.92,83.75,Stormy,258,48044.54,580.07,9471,78.37,0,1.06,95.22,0,19.75,High
PJT_820,Bridge,Chicago,2022-03-13,2024-04-11,34187629,51095600.50,16907971.50,585,760.04,175.04,0.3429,4.3731,127.80,22.75,85.92,Rainy,288,40351.71,112.26,5476,66.77,6,8.13,92.64,1,48.25,High
PJT_821,Dam,Houston,2022-03-14,2023-01-04,36484609,36969800.97,485191.97,348,296.34,-51.66,1.4973,4.4225,203.97,13.65,68.75,Rainy,271,38865.15,143.28,6740,98.42,2,4.32,63.24,1,37.88,Medium
PJT_822,Tunnel,Chicago,2022-03-15,2025-07-06,34786809,36901647.73,2114838.73,891,1209.12,318.12,0.5811,3.9846,490.98,4.76,22.20,Rainy,115,18747.64,430.68,8654,60.31,2,8.83,92.28,1,22.59,High
PJT_823,Dam,Seattle,2022-03-16,2024-02-23,37055371,46304569.51,9249198.51,638,709.30,71.30,1.4993,4.8858,356.98,24.14,77.09,Snowy,165,24727.48,796.20,4379,54.57,4,6.81,83.93,1,25.27,High
PJT_824,Dam,Chicago,2022-03-17,2024-07-16,12389444,17131764.29,4742320.29,731,852.14,121.14,1.8057,1.7682,55.68,19.86,76.08,Snowy,205,40281.72,966.08,1683,55.30,3,1.30,80.44,0,30.66,Medium
PJT_825,Bridge,Chicago,2022-03-18,2023-04-11,16397273,17465811.98,1068538.98,328,389.39,61.39,0.5361,1.5279,66.09,40.65,69.00,Snowy,181,8110.56,885.33,8217,68.45,4,5.63,53.35,0,99.00,Medium
PJT_826,Building,Los Angeles,2022-03-19,2024-07-11,25123251,25627582.56,504331.56,440,845.90,405.90,0.9122,4.1293,144.62,19.43,45.31,Snowy,171,32124.53,295.70,2755,40.93,5,3.17,79.79,1,51.08,High
PJT_827,Bridge,Chicago,2022-03-20,2024-09-16,37162730,49351055.31,12188325.31,856,911.39,55.39,1.6274,2.8395,241.51,22.25,56.01,Cloudy,276,44902.62,721.54,1998,58.36,5,5.33,85.15,0,19.42,High
PJT_828,Road,Seattle,2022-03-21,2023-09-30,3444721,4742159.62,1297438.62,439,558.73,119.73,1.7375,4.9325,293.20,42.99,69.73,Cloudy,118,10949.05,283.36,4709,75.54,2,5.69,61.91,1,23.59,Medium
PJT_829,Tunnel,Chicago,2022-03-22,2023-12-08,11543900,16893411.94,5349511.94,691,626.94,-64.06,1.1765,4.9170,282.69,18.31,23.46,Stormy,192,46585.54,251.00,2984,42.69,1,1.13,61.50,1,11.46,High
PJT_830,Bridge,New York,2022-03-23,2024-06-02,8691637,7643870.99,-1047766.01,652,802.00,150.00,0.1566,4.2064,318.59,37.73,84.37,Rainy,233,22380.52,110.08,2369,89.07,3,4.35,89.84,1,92.55,High
PJT_831,Dam,Chicago,2022-03-24,2024-08-28,44612416,44995172.98,382756.98,476,888.13,412.13,1.8925,2.9482,389.80,33.24,39.35,Stormy,214,11221.37,383.38,7695,91.98,9,3.85,83.81,1,10.33,High
PJT_832,Tunnel,New York,2022-03-25,2024-12-17,1235438,1347291.94,111853.94,593,998.48,405.48,1.6496,4.7173,478.62,22.36,50.63,Snowy,134,5879.53,720.13,8141,65.97,6,4.80,54.60,1,68.26,High
PJT_833,Building,Los Angeles,2022-03-26,2023-10-10,48249985,67379668.62,19129683.62,268,563.75,295.75,1.9869,1.1240,176.99,34.43,57.92,Snowy,152,32635.33,930.16,5405,86.35,7,1.38,80.76,0,60.55,High
PJT_834,Dam,New York,2022-03-27,2024-06-23,20743501,25101185.95,4357684.95,609,819.56,210.56,0.8180,3.6281,304.07,12.29,47.19,Rainy,250,5694.20,310.67,8101,73.48,8,9.08,78.29,1,99.55,High
PJT_835,Road,Chicago,2022-03-28,2023-03-29,25897103,35527018.12,9629915.12,254,366.96,112.96,0.9146,1.8151,429.75,21.31,82.78,Snowy,227,31761.57,213.85,2425,47.96,5,5.09,98.17,0,60.32,High
PJT_836,Dam,New York,2022-03-29,2022-12-29,6278736,7595025.37,1316289.37,195,275.44,80.44,0.1111,4.7180,453.80,10.27,29.74,Snowy,250,25744.35,402.05,6150,98.29,1,5.15,72.85,1,70.39,Medium
PJT_837,Dam,New York,2022-03-30,2023-11-27,13406967,18228620.87,4821653.87,483,607.10,124.10,0.2835,3.3649,425.65,20.33,39.62,Stormy,232,31649.93,945.97,8139,55.98,2,2.27,97.15,0,62.89,Medium
PJT_838,Road,Houston,2022-03-31,2024-04-21,25591462,26184177.63,592715.63,450,752.13,302.13,0.3506,4.1165,205.98,6.15,54.03,Snowy,131,24580.29,555.22,1047,90.70,2,2.14,93.48,0,10.01,High
PJT_839,Bridge,Houston,2022-04-01,2022-10-01,27796464,27593890.04,-202573.96,230,183.59,-46.41,1.4378,1.7109,173.80,-7.09,32.02,Cloudy,121,43142.82,523.00,3910,70.19,8,6.50,94.37,0,35.20,High
PJT_840,Tunnel,Houston,2022-04-02,2024-08-21,35675831,34562721.62,-1113109.38,677,872.69,195.69,1.4088,3.5854,158.17,-2.51,49.38,Rainy,291,47028.22,931.78,7113,40.37,1,1.53,67.57,0,72.82,High
PJT_841,Tunnel,Houston,2022-04-03,2023-09-07,1068833,1332591.02,263758.02,298,522.41,224.41,1.7033,4.4295,99.14,34.90,26.03,Cloudy,159,8639.19,892.10,6942,53.64,7,1.48,78.48,1,12.95,High
PJT_842,Tunnel,New York,2022-04-04,2024-08-24,1986892,1694803.52,-292088.48,787,873.37,86.37,1.0193,4.5303,423.49,25.95,81.41,Stormy,251,19051.63,740.24,5801,53.62,2,8.18,76.10,1,59.98,High
PJT_843,Dam,New York,2022-04-05,2023-09-08,18253074,18825646.51,572572.51,532,521.70,-10.30,0.9972,0.5778,426.35,-5.16,63.71,Stormy,286,11356.28,526.72,6093,88.66,1,2.92,88.53,0,13.20,Medium
PJT_844,Building,Houston,2022-04-06,2023-06-23,38680307,49572375.59,10892068.59,337,443.45,106.45,0.8662,3.4230,80.92,39.08,34.93,Sunny,162,16521.51,787.55,4964,60.24,2,4.79,53.02,0,98.11,High
PJT_845,Road,Houston,2022-04-07,2024-05-22,40479205,48824798.57,8345593.57,619,776.34,157.34,1.9805,4.9823,450.95,41.20,55.24,Stormy,127,48545.29,386.13,4733,62.96,4,4.65,56.89,1,40.06,High
PJT_846,Road,New York,2022-04-08,2024-05-03,27405562,29709518.95,2303956.95,463,756.48,293.48,1.2778,1.7622,213.90,11.84,34.42,Cloudy,236,42109.34,634.66,9861,96.22,5,1.96,74.67,0,75.76,High
PJT_847,Bridge,Houston,2022-04-09,2023-05-05,6592494,9874948.92,3282454.92,419,391.86,-27.14,0.9791,2.5376,224.56,23.06,68.07,Cloudy,134,41244.86,733.74,8293,80.92,0,7.18,58.86,0,46.55,High
PJT_848,Bridge,Los Angeles,2022-04-10,2023-08-29,18988480,24763089.22,5774609.22,419,506.02,87.02,0.2580,0.8856,50.29,-5.45,29.47,Rainy,280,19118.62,814.50,6854,92.32,0,1.10,93.00,0,72.97,High
PJT_849,Tunnel,Houston,2022-04-11,2023-08-09,15401480,21728952.90,6327472.90,507,485.83,-21.17,1.8680,4.5325,206.16,33.89,68.05,Stormy,116,24806.95,901.54,6567,41.92,4,1.39,91.74,1,49.86,High
PJT_850,Dam,Seattle,2022-04-12,2024-09-17,4323061,6290000.64,1966939.64,654,889.33,235.33,1.4458,2.9494,214.77,-8.46,36.14,Snowy,62,5437.52,453.40,4542,98.19,0,2.83,94.86,1,34.97,High
PJT_851,Dam,Houston,2022-04-13,2023-10-11,34989450,43650162.20,8660712.20,399,546.06,147.06,1.9474,1.4211,82.40,6.49,62.94,Snowy,294,14962.16,688.55,3855,97.59,5,4.11,87.50,0,71.74,High
PJT_852,Building,Seattle,2022-04-13,2023-03-16,5742025,5004849.37,-737175.63,226,337.51,111.51,0.8744,2.4345,473.26,-9.28,21.35,Stormy,159,47430.71,917.95,9970,43.53,8,4.48,71.96,0,80.05,High
PJT_853,Dam,New York,2022-04-14,2024-05-06,46648662,43450856.67,-3197805.33,692,753.54,61.54,1.7906,1.0890,137.23,36.66,41.47,Sunny,270,15126.27,102.50,9040,67.51,2,4.01,50.40,1,41.31,Medium
PJT_854,Tunnel,Houston,2022-04-15,2024-04-01,26466669,27883094.78,1416425.78,685,717.63,32.63,0.3470,1.9558,178.64,15.27,37.83,Stormy,65,33248.14,695.34,3448,53.13,3,3.77,92.80,1,76.35,Medium
PJT_855,Tunnel,Chicago,2022-04-16,2023-08-09,29303488,40887293.66,11583805.66,220,480.87,260.87,0.1882,1.2214,336.74,42.75,58.91,Rainy,180,16397.46,112.55,2911,45.30,6,5.00,89.73,0,10.58,High
PJT_856,Building,New York,2022-04-17,2024-08-05,38753622,46958318.25,8204696.25,522,841.75,319.75,1.9658,2.2557,435.74,37.34,26.14,Stormy,238,31711.85,481.15,3744,63.71,3,9.58,62.01,1,89.41,High
PJT_857,Tunnel,Seattle,2022-04-18,2024-05-21,35940951,34907652.07,-1033298.93,648,764.12,116.12,0.5861,4.9165,450.47,28.22,28.83,Rainy,79,9087.53,409.83,3655,53.54,8,1.06,59.45,1,25.14,High
PJT_858,Bridge,Seattle,2022-04-19,2023-04-09,36194097,49248932.27,13054835.27,249,355.86,106.86,1.0923,4.5493,375.26,27.75,59.59,Rainy,77,39776.11,552.82,4464,72.13,5,5.95,54.08,1,38.17,High
PJT_859,Road,New York,2022-04-20,2024-01-24,7321411,8039772.01,718361.01,351,644.11,293.11,1.0819,3.5441,387.69,32.52,84.20,Rainy,186,39451.45,729.43,4538,44.03,6,6.48,57.73,0,53.16,High
PJT_860,Dam,Chicago,2022-04-21,2023-10-30,21870302,30903856.86,9033554.86,462,557.80,95.80,1.3490,4.9771,112.15,29.73,53.37,Snowy,63,12993.45,292.38,5825,72.20,3,2.22,97.28,1,17.98,High
PJT_861,Building,New York,2022-04-22,2024-04-23,9836834,14272858.53,4436024.53,465,732.06,267.06,1.7345,3.7389,79.72,43.57,86.96,Stormy,204,36974.31,730.99,3073,84.14,0,2.15,81.70,0,34.93,High
PJT_862,Dam,Seattle,2022-04-23,2023-02-20,30454529,35745015.60,5290486.60,314,303.21,-10.79,1.7159,0.6360,444.11,3.40,70.25,Snowy,280,39958.07,217.58,2532,65.08,0,4.66,69.79,1,98.59,High
PJT_863,Tunnel,Los Angeles,2022-04-24,2024-08-02,30525911,35013120.31,4487209.31,789,831.33,42.33,0.7761,4.5155,93.18,19.55,29.24,Snowy,225,6031.30,245.71,2468,64.94,1,5.23,68.91,1,87.45,Medium
PJT_864,Dam,Chicago,2022-04-25,2024-05-22,2957675,3020927.60,63252.60,723,758.63,35.63,1.7001,3.7094,419.53,-6.32,47.10,Cloudy,88,30537.01,821.31,4326,96.33,6,5.38,75.05,0,60.15,High
PJT_865,Building,New York,2022-04-26,2024-05-11,3723235,4092047.73,368812.73,582,746.07,164.07,1.4308,4.6493,87.85,18.17,47.56,Sunny,65,18643.85,358.25,5173,58.03,0,4.97,71.57,1,71.64,High
PJT_866,Bridge,Seattle,2022-04-27,2024-01-17,24071350,20594207.17,-3477142.83,410,630.80,220.80,1.3297,1.8846,254.13,-2.88,31.83,Cloudy,161,44692.89,205.72,5841,98.12,4,2.95,70.55,1,84.59,High
PJT_867,Building,Chicago,2022-04-28,2025-01-03,46198231,43812028.92,-2386202.08,892,981.90,89.90,1.3904,4.2508,336.30,42.52,57.37,Rainy,292,49384.79,955.33,2607,84.39,6,2.33,62.01,1,83.86,High
PJT_868,Tunnel,Chicago,2022-04-29,2025-03-09,18694575,18571042.01,-123532.99,764,1045.83,281.83,1.1634,4.0250,449.31,29.61,87.37,Sunny,292,25741.99,962.20,6990,80.00,5,5.78,61.25,0,28.21,High
PJT_869,Tunnel,Seattle,2022-04-30,2022-12-06,25551398,35808257.24,10256859.24,259,220.70,-38.30,1.1051,2.0283,218.24,29.53,45.89,Rainy,249,37749.39,924.52,5400,69.96,7,4.61,85.61,0,99.13,High
PJT_870,Building,Seattle,2022-05-01,2025-01-06,30298799,33054997.03,2756198.03,549,981.54,432.54,0.9972,4.2862,226.86,41.22,61.63,Stormy,147,48302.38,157.22,4418,94.36,2,1.71,67.16,1,58.19,High
PJT_871,Tunnel,Chicago,2022-05-02,2024-11-17,42495113,61451854.44,18956741.44,520,930.41,410.41,0.6821,0.4377,203.76,31.82,61.72,Sunny,251,47297.81,618.14,7505,58.13,7,2.64,92.67,0,50.79,High
PJT_872,Building,Seattle,2022-05-03,2023-10-25,49144198,60571494.78,11427296.78,425,540.01,115.01,0.3255,0.9080,105.14,34.75,23.68,Sunny,216,29500.78,275.87,3579,96.46,1,3.71,65.84,0,74.66,High
PJT_873,Tunnel,New York,2022-05-04,2024-10-18,45143236,60975326.78,15832090.78,760,898.70,138.70,0.5294,4.8053,356.30,-9.01,57.39,Snowy,176,47306.60,839.76,3736,48.53,1,1.71,86.49,1,92.45,High
PJT_874,Bridge,Los Angeles,2022-05-05,2023-09-24,25343613,34978483.23,9634870.23,505,507.90,2.90,1.3501,3.6956,129.30,38.90,55.38,Rainy,116,17017.67,712.25,9160,42.92,7,2.75,98.24,0,94.04,High
PJT_875,Tunnel,Chicago,2022-05-06,2024-12-03,10904456,10846301.00,-58155.00,600,942.22,342.22,0.9449,2.2648,309.79,12.02,42.67,Cloudy,99,26061.38,200.33,2014,78.74,0,9.33,81.46,1,23.73,High
PJT_876,Road,Chicago,2022-05-07,2022-10-31,25661678,27241523.06,1579845.06,244,177.03,-66.97,1.0864,4.9204,66.36,40.64,53.87,Cloudy,236,10761.06,378.27,6239,67.79,3,2.08,51.32,1,97.09,Medium
PJT_877,Tunnel,Seattle,2022-05-08,2024-07-03,43113934,56099119.92,12985185.92,587,787.42,200.42,1.0393,0.8224,65.79,-3.31,46.47,Sunny,139,36913.43,566.29,7402,50.56,0,6.41,59.32,0,87.04,High
PJT_878,Dam,Los Angeles,2022-05-09,2024-01-10,42296798,45636628.42,3339830.42,310,611.14,301.14,1.7972,3.2964,145.94,2.90,31.83,Rainy,108,36468.97,271.09,9555,76.20,2,1.01,68.18,0,72.41,High
PJT_879,Dam,Los Angeles,2022-05-10,2023-06-12,29402272,33149119.98,3746847.98,410,398.48,-11.52,1.0638,4.8600,261.29,-4.96,23.43,Rainy,61,28015.28,450.18,9156,87.27,1,7.88,90.35,1,27.99,High
PJT_880,Tunnel,Houston,2022-05-11,2023-05-20,11467031,12701763.30,1234732.30,194,374.44,180.44,0.7730,4.2266,420.63,20.45,82.51,Stormy,223,30209.93,965.72,2468,97.82,7,7.00,92.09,1,73.67,High
PJT_881,Building,Chicago,2022-05-12,2024-06-27,33110005,32454349.93,-655655.07,444,777.06,333.06,0.9410,1.3133,115.32,43.88,87.49,Cloudy,86,47852.78,927.68,9328,41.01,1,7.79,64.60,0,41.15,High
PJT_882,Bridge,Seattle,2022-05-13,2025-12-08,43368193,61112334.28,17744141.28,860,1305.13,445.13,0.4394,4.7918,232.26,10.74,77.47,Stormy,136,14497.86,690.48,7383,54.53,7,8.78,62.23,1,20.33,High
PJT_883,Tunnel,Los Angeles,2022-05-14,2024-09-28,34002549,34997355.17,994806.17,586,868.35,282.35,1.6726,0.0316,351.05,2.60,59.12,Sunny,247,10491.11,605.52,3432,40.81,1,2.98,69.27,0,15.16,High
PJT_884,Building,New York,2022-05-15,2024-02-10,49324765,57107832.21,7783067.21,414,636.58,222.58,0.7942,0.3163,378.72,33.49,23.15,Sunny,114,30590.46,819.35,2102,62.10,6,9.80,63.38,1,78.98,High
PJT_885,Building,Los Angeles,2022-05-16,2024-03-27,39223560,57135955.42,17912395.42,618,681.96,63.96,0.2735,3.6045,316.59,1.63,42.47,Stormy,177,21098.87,266.38,8817,88.21,2,1.16,58.44,0,70.00,High
PJT_886,Tunnel,Chicago,2022-05-17,2025-03-11,10123802,13402159.30,3278357.30,847,1029.95,182.95,0.2706,1.5374,473.36,21.44,72.63,Rainy,281,47598.57,463.18,9715,73.99,7,4.65,78.32,0,29.41,High
PJT_887,Dam,New York,2022-05-18,2025-04-27,16523904,14903518.75,-1620385.25,682,1075.39,393.39,1.2437,3.8525,109.33,25.86,67.25,Snowy,167,48161.47,725.91,9690,72.09,7,6.84,71.02,0,67.37,High
PJT_888,Dam,Chicago,2022-05-19,2025-08-13,14624126,13526399.44,-1097726.56,895,1182.27,287.27,0.2742,3.8498,197.97,0.36,86.77,Stormy,213,20069.20,309.86,3371,42.74,1,6.27,67.60,1,41.42,High
PJT_889,Road,Los Angeles,2022-05-20,2024-04-06,31608004,43293533.16,11685529.16,469,687.41,218.41,0.6398,0.0344,72.47,-2.28,87.77,Rainy,151,18777.67,590.28,8131,69.78,4,6.15,79.65,0,89.63,High
PJT_890,Tunnel,New York,2022-05-21,2023-10-13,24324271,27420988.30,3096717.30,386,510.40,124.40,1.9822,1.2847,198.78,-8.73,37.10,Sunny,228,14926.59,279.26,7326,98.50,9,4.84,59.32,0,17.12,High
PJT_891,Bridge,Los Angeles,2022-05-22,2023-11-14,26511899,26373536.17,-138362.83,320,541.73,221.73,0.4912,3.4736,317.10,29.55,32.55,Sunny,78,12268.04,244.99,7775,80.47,6,3.70,99.37,0,65.27,High
PJT_892,Bridge,Chicago,2022-05-23,2025-06-14,23508258,29329387.86,5821129.86,753,1118.46,365.46,0.7625,1.4085,345.86,3.64,88.07,Sunny,273,45550.70,931.01,4627,58.44,4,8.07,89.59,0,20.92,High
PJT_893,Bridge,Chicago,2022-05-24,2024-09-02,41766014,42083341.25,317327.25,783,832.63,49.63,1.4408,4.2886,174.10,14.80,35.85,Sunny,274,23446.30,115.46,3807,48.77,0,6.34,75.03,1,75.07,Medium
PJT_894,Dam,Chicago,2022-05-25,2025-09-24,44120481,59600110.57,15479629.57,865,1218.31,353.31,1.0925,4.2907,171.32,3.70,27.25,Snowy,278,39211.20,500.99,2002,81.48,1,8.74,88.08,1,37.12,High
PJT_895,Bridge,Los Angeles,2022-05-26,2023-08-18,48630876,66130203.44,17499327.44,377,449.14,72.14,0.8040,2.3631,313.52,37.25,28.80,Cloudy,52,6930.98,350.32,8091,90.90,6,9.36,57.42,1,60.99,High
PJT_896,Tunnel,Seattle,2022-05-27,2023-10-29,8704013,8552790.38,-151222.62,544,520.52,-23.48,1.7412,1.6666,227.07,9.59,69.49,Rainy,98,19884.53,403.64,8722,97.83,8,9.46,98.54,1,61.63,High
PJT_897,Dam,Houston,2022-05-28,2024-06-07,38081034,39753705.84,1672671.84,447,741.08,294.08,0.5928,1.6363,224.55,-5.34,35.60,Stormy,190,21694.40,896.52,5859,93.41,3,8.46,57.88,0,22.22,High
PJT_898,Dam,Seattle,2022-05-29,2024-03-18,13288411,13585141.69,296730.69,497,659.49,162.49,0.4950,0.5389,185.57,26.48,69.99,Rainy,179,38365.32,707.32,7492,86.89,8,8.48,51.63,0,98.97,High
PJT_899,Building,Seattle,2022-05-30,2025-07-10,26597273,35630268.26,9032995.26,762,1137.99,375.99,1.9226,0.7650,412.12,-5.07,66.39,Rainy,162,45017.09,157.97,5317,51.30,0,3.72,92.07,1,30.55,High
PJT_900,Building,Houston,2022-05-31,2023-05-18,38519528,48002121.63,9482593.63,347,352.85,5.85,0.6326,1.9542,131.53,31.34,71.09,Cloudy,100,14046.88,568.28,3511,77.42,3,1.08,50.81,0,61.63,High
PJT_901,Tunnel,Seattle,2022-06-01,2024-07-14,16416370,14188311.80,-2228058.20,389,774.24,385.24,0.4748,2.0415,248.44,30.37,28.60,Rainy,250,25533.24,939.53,1175,66.25,6,2.28,73.92,0,77.58,High
PJT_902,Building,Seattle,2022-06-01,2023-02-05,44067445,48061137.39,3993692.39,238,249.99,11.99,0.2065,4.7078,127.87,2.70,60.72,Sunny,258,26943.63,311.49,4551,56.25,2,1.42,77.01,1,95.19,Medium
PJT_903,Bridge,Houston,2022-06-02,2023-08-09,11941715,17583550.72,5641835.72,273,433.74,160.74,1.3576,0.6620,73.45,10.53,50.75,Rainy,284,42409.65,694.50,9953,67.75,1,8.49,73.81,0,54.57,High
PJT_904,Building,New York,2022-06-03,2023-11-22,41313650,60244178.91,18930528.91,288,537.82,249.82,0.4475,1.3185,223.84,25.19,35.92,Rainy,89,40487.89,522.24,3430,60.37,1,2.62,65.83,1,96.02,High
PJT_905,Building,New York,2022-06-04,2024-11-24,19907749,26142806.28,6235057.28,583,904.87,321.87,1.8382,3.6235,116.34,3.61,37.44,Cloudy,165,30803.15,946.44,4052,45.98,1,1.77,52.36,0,96.94,High
PJT_906,Tunnel,Seattle,2022-06-05,2025-02-25,47195059,57073895.47,9878836.47,893,996.73,103.73,1.6340,3.7137,72.50,40.40,88.32,Snowy,166,43477.60,876.66,8941,57.48,0,8.18,96.63,0,41.73,High
PJT_907,Bridge,Chicago,2022-06-06,2024-10-18,24820938,23972851.68,-848086.32,812,865.46,53.46,0.7048,4.4287,393.94,17.17,32.09,Cloudy,281,27150.35,449.03,5170,54.99,8,5.09,58.18,1,36.03,High
PJT_908,Dam,Houston,2022-06-07,2024-01-05,46575455,49292050.71,2716595.71,564,577.36,13.36,1.6407,2.9555,340.72,36.75,33.47,Cloudy,239,38117.33,723.12,4203,52.14,4,3.65,72.14,0,11.67,Medium
PJT_909,Bridge,Chicago,2022-06-08,2024-11-04,39930563,57883009.09,17952446.09,691,880.54,189.54,0.1223,2.3231,412.00,-9.43,46.19,Rainy,246,27836.91,414.42,6131,51.37,7,5.47,81.20,0,45.75,High
PJT_910,Dam,Seattle,2022-06-09,2025-06-17,28790776,28835731.28,44955.28,792,1104.77,312.77,0.4515,4.6064,263.37,33.71,31.20,Sunny,195,11912.49,476.52,7543,60.96,1,2.28,80.23,1,43.20,High
PJT_911,Dam,Seattle,2022-06-10,2024-10-14,5787269,6132637.06,345368.06,786,857.49,71.49,1.7429,4.6447,234.73,-7.69,61.40,Sunny,243,34917.82,623.41,4810,66.15,7,7.02,90.62,1,25.51,High
PJT_912,Bridge,Los Angeles,2022-06-11,2025-09-07,13071904,11474314.84,-1597589.16,860,1184.89,324.89,0.8163,1.6761,166.64,18.29,65.24,Stormy,136,9369.32,284.29,2752,53.38,8,7.84,52.02,0,58.10,High
PJT_913,Dam,Seattle,2022-06-12,2024-02-01,6617546,6385317.42,-232228.58,245,599.03,354.03,0.3885,4.7488,127.80,-5.81,72.44,Stormy,219,46026.34,201.39,7102,72.30,6,5.89,76.79,1,36.82,High
PJT_914,Tunnel,Houston,2022-06-13,2024-07-06,22925581,23393114.29,467533.29,776,754.16,-21.84,1.1207,1.9473,494.97,31.25,78.60,Snowy,60,40757.56,259.90,9232,94.93,7,4.98,76.22,0,38.23,High
PJT_915,Building,New York,2022-06-14,2025-02-03,27796286,37158278.46,9361992.46,833,965.92,132.92,1.5726,0.5938,245.90,-2.89,40.73,Cloudy,78,32473.18,743.37,8145,88.52,2,1.68,59.15,0,15.76,High
PJT_916,Building,Seattle,2022-06-15,2024-10-22,15559815,21274849.40,5715034.40,806,860.06,54.06,0.3143,3.6637,471.95,40.44,59.78,Snowy,73,26197.67,653.50,3513,89.52,6,6.29,79.70,0,61.78,High
PJT_917,Bridge,Houston,2022-06-16,2024-10-15,47862721,46879410.81,-983310.19,847,852.27,5.27,1.4972,0.0995,148.70,13.76,48.69,Cloudy,230,5095.89,104.84,4222,84.88,8,4.03,77.20,1,18.67,High
PJT_918,Building,Houston,2022-06-17,2024-10-27,19129647,19297541.49,167894.49,514,863.09,349.09,1.1060,1.1747,369.40,41.44,58.72,Cloudy,286,23806.84,829.29,3800,79.60,9,7.91,53.12,0,58.06,High
PJT_919,Road,Seattle,2022-06-18,2025-02-10,17378966,24462049.83,7083083.83,648,968.83,320.83,0.4369,2.7791,450.29,38.51,55.11,Rainy,222,40532.17,963.76,4514,88.87,6,9.10,54.17,1,20.26,High
PJT_920,Bridge,New York,2022-06-19,2023-10-23,8029979,8119038.73,89059.73,361,491.75,130.75,1.1491,4.8257,98.90,43.52,33.29,Stormy,252,12058.31,910.06,3496,45.95,8,8.64,86.55,1,90.79,High
PJT_921,Road,Chicago,2022-06-20,2023-09-07,22834998,29922081.62,7087083.62,244,444.03,200.03,1.5521,4.7049,58.90,42.40,53.76,Rainy,74,34278.92,480.24,7065,89.53,2,1.06,94.94,1,19.04,High
PJT_922,Building,Seattle,2022-06-21,2023-11-08,32345804,40249637.70,7903833.70,256,505.22,249.22,1.9174,0.5839,463.20,28.21,44.66,Stormy,157,31079.99,579.92,5046,72.46,4,4.15,74.87,0,11.50,High
PJT_923,Dam,New York,2022-06-22,2024-05-02,27793467,33269149.01,5475682.01,565,680.38,115.38,1.5511,3.0582,209.26,35.62,29.69,Rainy,102,18862.16,556.51,3662,60.61,3,6.42,83.56,0,10.81,High
PJT_924,Road,Los Angeles,2022-06-23,2023-12-21,41790765,36132656.03,-5658108.97,319,546.05,227.05,0.6094,2.3759,394.17,12.66,61.32,Sunny,66,39401.14,616.68,7493,69.07,8,1.03,89.09,0,71.74,High
PJT_925,Road,Los Angeles,2022-06-24,2024-10-29,42460321,59567386.77,17107065.77,752,858.53,106.53,0.6400,1.3790,479.12,0.64,62.58,Stormy,266,18602.10,469.86,4973,57.34,7,5.67,81.50,1,75.98,High
PJT_926,Bridge,Chicago,2022-06-25,2024-07-01,20660702,27988303.57,7327601.57,289,737.54,448.54,1.1140,1.3261,192.22,33.58,31.67,Stormy,256,22752.43,108.92,3800,47.10,0,2.48,56.98,0,45.70,High
PJT_927,Building,Chicago,2022-06-26,2025-10-01,2213206,3089444.65,876238.65,796,1193.92,397.92,0.4404,2.6732,163.70,18.60,73.91,Snowy,192,44476.69,615.82,4112,92.50,0,3.97,65.26,0,59.60,High
PJT_928,Bridge,Chicago,2022-06-27,2024-06-19,8112620,9813560.08,1700940.08,665,723.81,58.81,0.8904,4.3275,56.56,40.90,51.30,Sunny,284,5572.64,100.57,1752,80.78,6,7.84,70.16,1,88.25,High
PJT_929,Bridge,Los Angeles,2022-06-28,2024-11-11,24987150,27531133.43,2543983.43,840,867.75,27.75,0.2845,1.3053,304.40,35.40,88.51,Sunny,160,25197.15,146.61,8861,94.84,0,6.88,76.54,1,89.04,Medium
PJT_930,Tunnel,Houston,2022-06-29,2023-12-30,14693222,16574283.77,1881061.77,295,549.44,254.44,1.7883,0.6144,153.92,40.54,41.21,Sunny,83,32065.38,944.33,7445,69.04,5,9.59,77.93,1,83.67,High
PJT_931,Building,Seattle,2022-06-30,2024-12-22,26355729,24830949.85,-1524779.15,488,906.20,418.20,1.5784,0.5841,459.57,23.62,50.53,Rainy,85,19194.19,482.92,3920,51.05,2,2.12,50.40,0,93.87,High
PJT_932,Building,New York,2022-07-01,2023-03-25,21622767,25131281.61,3508514.61,210,267.07,57.07,0.8387,2.7059,358.13,7.91,61.81,Stormy,161,19681.59,186.75,4797,72.06,5,1.05,91.52,0,35.87,Medium
PJT_933,Building,Seattle,2022-07-02,2023-04-20,40992322,36345095.87,-4647226.13,284,292.10,8.10,1.5079,1.9719,346.29,42.06,85.14,Snowy,287,37270.90,525.07,3345,78.00,7,5.45,71.28,0,67.83,High
PJT_934,Dam,Chicago,2022-07-03,2024-07-20,48806039,62902169.81,14096130.81,534,748.51,214.51,1.1529,0.8548,313.01,6.79,67.69,Sunny,85,37076.12,381.37,7653,46.94,8,3.95,68.41,1,15.99,High
PJT_935,Building,Houston,2022-07-04,2025-06-30,4165096,4523824.59,358728.59,721,1092.39,371.39,1.2386,1.2916,254.35,4.81,36.12,Sunny,213,14667.08,795.14,5875,66.30,8,7.59,92.66,0,84.99,High
PJT_936,Road,Houston,2022-07-05,2024-08-14,48132423,66122179.62,17989756.62,544,771.71,227.71,1.1850,0.9972,180.22,39.57,34.22,Sunny,109,26974.87,580.88,4641,51.71,8,2.96,54.16,0,71.95,High
PJT_937,Dam,Chicago,2022-07-06,2025-11-21,29663807,43268234.25,13604427.25,795,1234.61,439.61,1.0747,2.5301,450.33,34.66,58.98,Sunny,253,12833.97,588.97,4216,40.58,8,4.91,65.80,1,26.34,High
PJT_938,Road,Los Angeles,2022-07-07,2024-05-28,45351834,44819379.91,-532454.09,598,691.16,93.16,0.7221,1.1321,415.48,33.13,23.50,Stormy,194,43856.46,420.62,8837,51.28,4,8.82,74.83,1,49.84,High
PJT_939,Road,Seattle,2022-07-08,2025-08-15,40517076,58988510.48,18471434.48,786,1134.81,348.81,1.9752,1.1224,416.13,-2.49,62.32,Sunny,277,21923.18,814.48,5292,98.30,5,1.47,79.38,0,12.61,High
PJT_940,Tunnel,Houston,2022-07-09,2023-09-13,38185262,40903472.76,2718210.76,229,431.10,202.10,0.5330,0.0848,457.66,35.80,67.86,Sunny,91,9283.98,176.49,7710,79.81,4,9.14,58.51,1,34.92,High
PJT_941,Bridge,Chicago,2022-07-10,2024-07-11,45962398,57443662.69,11481264.69,484,732.20,248.20,0.9699,1.8536,126.81,40.10,45.97,Rainy,134,33579.93,613.91,9518,47.59,8,7.68,92.13,1,22.91,High
PJT_942,Road,Chicago,2022-07-11,2025-02-25,41882901,53577300.38,11694399.38,653,960.50,307.50,1.3589,3.1560,83.29,-2.43,57.02,Cloudy,213,32379.62,873.89,2342,67.73,5,7.76,76.46,0,33.64,High
PJT_943,Building,Houston,2022-07-12,2024-09-12,14831853,16708751.84,1876898.84,452,793.25,341.25,1.5450,0.7994,497.71,44.01,27.34,Cloudy,235,14793.70,126.72,9653,70.17,6,8.64,55.70,1,32.12,High
PJT_944,Road,Chicago,2022-07-13,2023-06-04,23586116,28885551.44,5299435.44,261,326.80,65.80,1.7863,0.1133,407.72,26.12,80.65,Stormy,211,43066.54,850.06,8295,68.08,0,4.33,57.39,0,93.22,High
PJT_945,Bridge,Seattle,2022-07-14,2024-08-14,26076490,23680834.40,-2395655.60,406,762.25,356.25,1.6752,1.5654,277.07,31.30,72.82,Rainy,296,38705.10,791.92,6216,51.71,6,1.18,87.22,1,31.70,High
PJT_946,Bridge,Houston,2022-07-15,2023-03-13,36744748,34234076.63,-2510671.37,190,241.77,51.77,1.1897,2.3716,110.48,37.64,44.47,Cloudy,235,24196.64,616.57,9701,59.69,8,8.18,92.78,0,13.84,High
PJT_947,Building,Houston,2022-07-16,2023-08-16,48958252,56286080.83,7327828.83,318,396.65,78.65,0.8609,4.5289,469.70,33.73,57.17,Cloudy,147,39088.67,225.87,8206,44.73,5,5.59,79.98,1,28.81,High
PJT_948,Dam,Chicago,2022-07-17,2024-01-02,43052516,45937517.30,2885001.30,241,534.29,293.29,0.7113,4.3691,388.07,43.40,26.32,Sunny,165,34954.66,177.35,6477,91.65,6,3.15,74.37,1,41.20,High
PJT_949,Tunnel,Houston,2022-07-18,2024-04-19,27366225,40275891.84,12909666.84,568,641.79,73.79,1.2655,3.3001,427.24,40.11,53.01,Cloudy,166,6267.79,242.57,7911,99.81,6,4.69,67.16,0,25.94,High
PJT_950,Tunnel,New York,2022-07-19,2023-11-27,48298017,62493889.65,14195872.65,441,496.91,55.91,0.2454,4.4665,330.55,28.31,87.12,Sunny,212,45123.97,401.29,5908,64.58,4,1.39,68.67,1,27.00,High
PJT_951,Bridge,Chicago,2022-07-20,2023-01-08,15360841,13139312.62,-2221528.38,181,172.75,-8.25,0.3711,2.0985,240.00,41.35,55.64,Snowy,117,33519.20,708.79,8426,46.96,9,3.07,65.85,1,11.94,High
PJT_952,Road,Chicago,2022-07-20,2023-07-21,27986617,28520686.27,534069.27,225,366.75,141.75,1.5367,4.5872,437.12,24.47,68.44,Snowy,195,12816.52,555.09,5558,96.31,8,5.09,63.48,1,96.48,High
PJT_953,Tunnel,Seattle,2022-07-21,2024-07-10,31445580,29504133.28,-1941446.72,516,720.95,204.95,1.0328,2.2676,449.72,-8.83,87.75,Stormy,295,30197.78,207.84,2731,85.45,4,7.98,88.28,1,37.46,High
PJT_954,Dam,Chicago,2022-07-22,2025-05-04,5362463,6326189.48,963726.48,695,1017.80,322.80,0.4905,2.3495,343.35,9.75,55.84,Cloudy,104,23211.63,784.88,8364,40.84,4,1.85,85.87,0,66.04,High
PJT_955,Tunnel,Los Angeles,2022-07-23,2024-02-11,43742681,62012948.06,18270267.06,377,568.71,191.71,1.9417,0.9314,107.47,-2.67,38.52,Cloudy,298,6778.37,335.77,3791,91.74,3,9.05,80.56,1,42.05,High
PJT_956,Road,Seattle,2022-07-24,2023-03-30,19756825,17644525.83,-2112299.17,187,249.32,62.32,0.2075,3.4507,360.26,36.14,39.05,Stormy,105,12180.25,434.11,4935,90.41,1,1.54,74.14,0,18.89,Medium
PJT_957,Dam,Seattle,2022-07-25,2024-05-26,32246967,28000197.20,-4246769.80,463,671.31,208.31,1.4874,2.7901,117.96,11.44,37.90,Stormy,154,14210.87,259.71,2280,99.51,4,8.14,59.28,1,84.91,High
PJT_958,Dam,Seattle,2022-07-26,2024-02-27,36807236,51106265.40,14299029.40,609,581.83,-27.17,0.1981,0.9621,222.16,13.74,68.13,Cloudy,62,26370.10,234.38,7543,66.92,2,1.50,96.50,0,12.86,High
PJT_959,Building,Seattle,2022-07-27,2025-03-26,28790087,37972314.04,9182227.04,580,973.43,393.43,0.2331,1.8020,234.17,19.90,22.18,Sunny,169,26410.82,381.69,1981,45.75,3,2.23,97.77,0,11.11,High
PJT_960,Road,Seattle,2022-07-28,2025-03-28,13717569,18370745.43,4653176.43,810,974.58,164.58,0.1658,2.2574,122.11,-4.00,57.84,Rainy,194,6856.54,558.38,2238,79.31,7,2.28,56.00,0,32.85,High
PJT_961,Building,New York,2022-07-29,2024-08-10,8446355,10305918.24,1859563.24,294,743.36,449.36,1.1396,4.9641,80.78,35.88,51.84,Sunny,112,23317.80,984.93,3370,89.50,4,3.64,89.33,1,26.53,High
PJT_962,Dam,Houston,2022-07-30,2025-03-29,10668423,11441977.46,773554.46,843,973.58,130.58,0.5079,2.9386,389.90,-2.19,71.28,Snowy,199,17221.87,767.72,8308,87.87,7,8.95,68.79,1,70.70,High
PJT_963,Road,Los Angeles,2022-07-31,2023-11-16,9761061,11280966.47,1519905.47,503,473.02,-29.98,0.2499,2.3281,418.25,29.61,21.69,Cloudy,119,47660.84,844.45,6883,75.06,5,2.01,51.85,1,61.75,Medium
PJT_964,Tunnel,Los Angeles,2022-08-01,2025-03-15,7101457,6824316.93,-277140.07,729,957.16,228.16,0.9167,4.4042,497.02,28.67,71.28,Stormy,276,23613.07,531.07,8011,87.47,8,7.07,56.35,1,99.92,High
PJT_965,Tunnel,Chicago,2022-08-02,2024-09-20,31614158,32190535.87,576377.87,718,780.69,62.69,1.0712,1.1536,419.39,20.66,26.20,Stormy,78,30734.92,541.63,3140,45.15,4,1.39,70.18,0,78.77,Medium
PJT_966,Dam,New York,2022-08-03,2025-12-16,42965000,40090959.76,-2874040.24,802,1231.83,429.83,0.4750,1.6302,153.71,19.72,55.69,Sunny,164,47504.70,135.17,3584,47.04,9,9.69,70.51,1,26.87,High
PJT_967,Tunnel,Seattle,2022-08-04,2024-06-29,14374921,19165538.87,4790617.87,247,695.87,448.87,1.0342,4.6940,116.77,-9.20,83.19,Snowy,274,14366.18,296.02,1998,41.24,8,5.67,62.43,1,74.29,High
PJT_968,Road,New York,2022-08-05,2024-05-25,42083136,35902765.10,-6180370.90,425,659.68,234.68,1.0807,2.8587,400.17,44.96,28.49,Snowy,153,40924.45,120.83,2512,63.07,2,8.38,56.94,0,94.04,High
PJT_969,Bridge,Chicago,2022-08-06,2025-07-17,49074163,61418981.99,12344818.99,771,1076.18,305.18,0.8376,2.7089,379.87,6.51,89.23,Snowy,291,43455.64,918.77,7967,68.80,4,4.50,52.03,1,63.71,High
PJT_970,Bridge,Chicago,2022-08-07,2024-08-21,17712870,20059211.05,2346341.05,463,745.68,282.68,1.7916,3.6151,159.94,14.51,85.07,Stormy,275,8832.33,183.22,7051,81.66,5,5.51,87.96,0,37.81,High
PJT_971,Tunnel,Seattle,2022-08-08,2025-01-12,45609322,39124811.59,-6484510.41,831,888.68,57.68,0.7897,1.6197,157.63,12.71,22.10,Sunny,146,47455.23,646.49,5102,57.00,4,8.77,71.60,1,14.83,High
PJT_972,Tunnel,Chicago,2022-08-09,2023-08-26,44215586,58305392.14,14089806.14,321,382.51,61.51,1.6392,3.5317,292.58,-4.96,55.49,Cloudy,217,15012.15,502.06,5734,98.09,2,9.65,69.55,1,41.20,High
PJT_973,Tunnel,New York,2022-08-10,2024-08-12,10122992,11681121.33,1558129.33,448,733.08,285.08,1.6004,1.7926,486.92,12.64,31.18,Cloudy,138,49808.56,115.66,5827,45.23,9,1.85,88.58,0,59.65,High
PJT_974,Building,Houston,2022-08-11,2024-08-03,29096662,42477468.25,13380806.25,742,723.58,-18.42,1.2938,3.9315,488.55,9.03,21.25,Rainy,79,44751.63,154.75,3832,53.14,4,4.84,51.18,1,60.54,High
PJT_975,Bridge,Seattle,2022-08-12,2024-04-17,7021750,9270213.25,2248463.25,649,614.93,-34.07,1.5167,0.8789,492.62,-3.01,71.45,Rainy,67,20788.14,212.58,5333,96.79,5,1.10,86.77,0,39.26,Medium
PJT_976,Building,Los Angeles,2022-08-13,2025-01-03,21499174,27428850.77,5929676.77,570,874.47,304.47,1.7983,4.8923,238.53,2.03,64.38,Rainy,261,48487.68,196.36,2443,59.97,0,4.29,85.96,1,98.47,High
PJT_977,Building,New York,2022-08-14,2023-09-07,24469468,29679440.43,5209972.43,332,389.52,57.52,0.9015,2.4558,234.42,-0.70,85.81,Snowy,241,35572.50,843.45,4002,63.65,0,5.58,92.37,0,44.87,High
PJT_978,Building,New York,2022-08-15,2024-07-24,19526203,29080711.94,9554508.94,336,709.64,373.64,1.9171,3.1070,248.87,44.88,79.66,Rainy,180,43531.67,342.61,5807,68.40,1,6.96,78.91,0,42.54,High
PJT_979,Tunnel,New York,2022-08-16,2024-05-15,21354659,25100032.47,3745373.47,291,638.33,347.33,1.0184,1.5067,115.51,2.94,80.49,Cloudy,128,7414.14,753.45,7199,72.86,1,2.36,66.81,0,85.91,High
PJT_980,Bridge,Los Angeles,2022-08-17,2023-11-16,39576325,53850538.43,14274213.43,347,456.17,109.17,0.1327,1.9983,360.93,34.06,65.00,Snowy,246,10567.62,703.52,9078,86.45,8,5.95,76.56,0,10.23,High
PJT_981,Road,Seattle,2022-08-18,2024-02-02,46443989,57190829.98,10746840.98,494,533.43,39.43,0.6463,4.3722,276.21,-0.17,24.53,Stormy,120,31400.89,477.80,1380,99.58,6,3.34,88.71,1,18.85,High
PJT_982,Tunnel,Houston,2022-08-19,2023-07-19,25902083,27252911.73,1350828.73,366,334.29,-31.71,1.3474,1.3948,410.97,0.26,80.42,Snowy,231,23065.19,379.86,9648,65.43,3,5.47,55.02,0,88.51,Medium
PJT_983,Road,Houston,2022-08-20,2023-05-13,5193094,7787961.73,2594867.73,239,266.40,27.40,0.4831,2.9734,297.84,22.57,62.31,Snowy,70,9025.95,348.42,1216,52.59,7,8.32,62.04,0,54.67,High
PJT_984,Tunnel,Chicago,2022-08-21,2025-04-27,38230379,42806997.75,4576618.75,657,980.82,323.82,1.5833,0.5248,333.65,11.34,84.91,Sunny,225,37188.01,979.99,1834,83.31,4,1.89,82.40,0,67.25,High
PJT_985,Bridge,Los Angeles,2022-08-22,2025-04-09,43190424,40094198.13,-3096225.87,553,961.27,408.27,0.4915,2.1877,150.56,19.16,69.43,Snowy,170,46518.08,602.30,8268,71.36,0,5.25,88.97,0,15.06,High
PJT_986,Dam,New York,2022-08-23,2024-08-07,8099018,9130742.03,1031724.03,294,715.11,421.11,1.1498,2.5599,400.64,15.85,78.44,Cloudy,278,14126.12,636.15,7294,55.08,7,7.97,76.77,0,85.38,High
PJT_987,Tunnel,New York,2022-08-24,2024-11-26,8116383,11645270.23,3528887.23,609,825.62,216.62,0.1133,3.9913,296.16,27.06,70.14,Sunny,250,20835.41,880.42,9200,41.89,2,6.86,83.46,0,81.86,High
PJT_988,Dam,Seattle,2022-08-25,2025-06-04,11889705,17604855.75,5715150.75,584,1014.92,430.92,0.3309,2.9254,405.20,11.14,66.82,Rainy,191,20858.52,510.30,7527,79.98,0,4.50,72.12,0,15.97,High
PJT_989,Bridge,Houston,2022-08-26,2024-06-13,25473067,33192372.95,7719305.95,431,657.37,226.37,1.8852,4.7166,90.25,-6.98,28.08,Rainy,279,18418.63,230.67,2191,40.26,0,2.96,68.20,1,95.95,High
PJT_990,Bridge,Los Angeles,2022-08-27,2023-10-10,15219113,19888802.26,4669689.26,340,409.50,69.50,1.4202,3.1000,439.57,21.78,40.20,Sunny,178,7968.13,121.23,5938,94.77,6,6.41,90.47,0,38.48,High
PJT_991,Dam,Houston,2022-08-28,2023-06-27,5782731,6332593.79,549862.79,330,303.50,-26.50,1.4674,3.8183,371.44,44.40,68.88,Rainy,232,40738.46,307.98,6406,53.96,8,1.82,50.16,1,20.66,High
PJT_992,Building,New York,2022-08-29,2024-06-26,11433287,13364135.75,1930848.75,610,667.58,57.58,1.6585,2.9260,241.02,42.75,42.40,Cloudy,191,20163.20,770.01,2821,48.21,1,9.15,95.38,1,18.86,High
PJT_993,Dam,Chicago,2022-08-30,2025-02-01,34403473,40573676.53,6170203.53,561,886.49,325.49,0.7486,1.2980,219.37,41.64,23.19,Stormy,168,12234.93,760.92,1309,49.21,4,4.92,86.91,0,79.45,High
PJT_994,Road,New York,2022-08-31,2024-06-14,25031888,22329135.13,-2702752.87,659,653.91,-5.09,0.2933,2.3035,77.52,17.50,28.58,Rainy,256,16860.85,687.10,9709,99.69,3,5.33,86.13,1,53.80,Medium
PJT_995,Building,Seattle,2022-09-01,2024-06-12,13462947,19220157.22,5757210.22,722,650.45,-71.55,0.6634,0.3645,185.77,36.57,69.40,Cloudy,148,7241.47,606.36,6444,55.57,6,7.17,70.14,1,50.58,High
PJT_996,Bridge,Chicago,2022-09-02,2025-03-25,31111403,34869742.91,3758339.91,487,935.43,448.43,0.5763,0.0514,343.72,10.75,34.48,Rainy,292,8041.90,851.35,4383,96.58,3,7.54,98.34,0,47.58,High
PJT_997,Dam,Los Angeles,2022-09-03,2024-10-26,36501516,41257820.27,4756304.27,798,784.45,-13.55,1.0575,2.3759,73.45,39.28,68.59,Sunny,182,46333.51,570.98,7445,75.48,3,2.59,84.70,0,79.97,Medium
PJT_998,Building,Houston,2022-09-04,2025-01-23,47124201,56131383.97,9007182.97,535,872.75,337.75,1.6851,3.8600,263.42,21.77,71.95,Sunny,202,43418.95,486.16,5216,86.59,5,2.73,82.81,0,50.52,High
PJT_999,Road,Chicago,2022-09-05,2025-11-24,34541778,45316808.04,10775030.04,789,1176.37,387.37,0.7541,0.7939,432.74,22.27,80.39,Cloudy,262,40156.53,333.70,3964,68.61,6,7.75,56.51,0,26.22,High
PJT_1000,Dam,Seattle,2022-09-06,2024-12-20,7931503,7290407.16,-641095.84,838,836.03,-1.97,0.2425,2.3239,216.95,38.79,49.81,Snowy,297,27131.89,480.64,1937,86.77,2,6.55,77.16,1,34.14,Medium
